timestamp,open,high,low,close,volume
2025-02-21 17:30:00+00:00,0.63725,0.63755,0.63702,0.63716,1527
2025-02-21 18:00:00+00:00,0.63714,0.63717,0.636,0.6361,2137
2025-02-21 18:30:00+00:00,0.6361,0.63632,0.63572,0.63596,2329
2025-02-21 19:00:00+00:00,0.63597,0.63614,0.63552,0.63556,1999
2025-02-21 19:30:00+00:00,0.63558,0.63575,0.63518,0.6354,1602
2025-02-21 20:00:00+00:00,0.63539,0.63582,0.63534,0.63572,1732
2025-02-21 20:30:00+00:00,0.63575,0.63582,0.6355,0.63582,1161
2025-02-21 21:00:00+00:00,0.63578,0.63586,0.63557,0.63559,667
2025-02-21 21:30:00+00:00,0.63559,0.63594,0.63542,0.63567,827
2025-02-23 22:00:00+00:00,0.63612,0.63691,0.63612,0.6367,267
2025-02-23 22:30:00+00:00,0.63672,0.63726,0.63628,0.6367,1237
2025-02-23 23:00:00+00:00,0.63668,0.63741,0.63647,0.63728,960
2025-02-23 23:30:00+00:00,0.63726,0.63739,0.63678,0.63689,917
2025-02-24 00:00:00+00:00,0.63688,0.6374,0.63678,0.63732,1434
2025-02-24 00:30:00+00:00,0.63733,0.63768,0.63686,0.63718,1837
2025-02-24 01:00:00+00:00,0.63714,0.63716,0.63638,0.6365,2757
2025-02-24 01:30:00+00:00,0.63653,0.63732,0.63612,0.63699,2866
2025-02-24 02:00:00+00:00,0.63697,0.63766,0.6368,0.63764,2511
2025-02-24 02:30:00+00:00,0.63765,0.63914,0.63765,0.63872,2220
2025-02-24 03:00:00+00:00,0.63871,0.63922,0.63846,0.6385,2209
2025-02-24 03:30:00+00:00,0.63848,0.63863,0.63814,0.63836,1476
2025-02-24 04:00:00+00:00,0.63834,0.63844,0.63786,0.63788,889
2025-02-24 04:30:00+00:00,0.63788,0.63819,0.63782,0.63814,966
2025-02-24 05:00:00+00:00,0.6381,0.63819,0.63785,0.63807,1571
2025-02-24 05:30:00+00:00,0.63806,0.63815,0.63766,0.63768,1395
2025-02-24 06:00:00+00:00,0.63767,0.63784,0.63726,0.6377,1691
2025-02-24 06:30:00+00:00,0.6377,0.63798,0.63726,0.63792,1402
2025-02-24 07:00:00+00:00,0.63793,0.63821,0.6374,0.63746,2093
2025-02-24 07:30:00+00:00,0.63746,0.63776,0.63664,0.63713,2484
2025-02-24 08:00:00+00:00,0.63714,0.63726,0.63609,0.63671,3099
2025-02-24 08:30:00+00:00,0.63674,0.63722,0.63642,0.63698,2242
2025-02-24 09:00:00+00:00,0.63697,0.63739,0.63682,0.63706,2335
2025-02-24 09:30:00+00:00,0.63706,0.63718,0.63644,0.63654,2169
2025-02-24 10:00:00+00:00,0.63656,0.63658,0.63604,0.63643,1668
2025-02-24 10:30:00+00:00,0.63646,0.63667,0.63628,0.63654,1459
2025-02-24 11:00:00+00:00,0.63656,0.63682,0.63643,0.63664,1811
2025-02-24 11:30:00+00:00,0.63663,0.63699,0.6364,0.63668,1229
2025-02-24 12:00:00+00:00,0.63666,0.63688,0.63643,0.63644,1379
2025-02-24 12:30:00+00:00,0.63647,0.63687,0.63626,0.63687,1651
2025-02-24 13:00:00+00:00,0.63687,0.63714,0.63678,0.63695,1523
2025-02-24 13:30:00+00:00,0.63696,0.63719,0.63679,0.63684,1733
2025-02-24 14:00:00+00:00,0.63686,0.63712,0.63612,0.63617,2179
2025-02-24 14:30:00+00:00,0.63614,0.63621,0.63443,0.63473,3811
2025-02-24 15:00:00+00:00,0.63474,0.63553,0.63454,0.63494,2563
2025-02-24 15:30:00+00:00,0.63494,0.63542,0.6346,0.63542,3608
2025-02-24 16:00:00+00:00,0.63541,0.63604,0.63516,0.63589,2658
2025-02-24 16:30:00+00:00,0.6359,0.63612,0.63561,0.63591,2035
2025-02-24 17:00:00+00:00,0.6359,0.63616,0.63546,0.636,2491
2025-02-24 17:30:00+00:00,0.63598,0.6364,0.63584,0.63584,1897
2025-02-24 18:00:00+00:00,0.63582,0.63648,0.63575,0.63643,1437
2025-02-24 18:30:00+00:00,0.63642,0.63651,0.63604,0.63615,1074
2025-02-24 19:00:00+00:00,0.63617,0.63634,0.63562,0.63573,981
2025-02-24 19:30:00+00:00,0.63576,0.63598,0.63556,0.63568,1327
2025-02-24 20:00:00+00:00,0.6357,0.63586,0.63512,0.63522,2167
2025-02-24 20:30:00+00:00,0.63522,0.63546,0.63456,0.63467,1865
2025-02-24 21:00:00+00:00,0.63468,0.63485,0.6345,0.63451,499
2025-02-24 21:30:00+00:00,0.6345,0.63496,0.6345,0.63488,456
2025-02-24 22:00:00+00:00,0.63498,0.63505,0.63486,0.63488,116
2025-02-24 22:30:00+00:00,0.63488,0.63498,0.63456,0.63465,284
2025-02-24 23:00:00+00:00,0.63464,0.63468,0.63412,0.63426,565
2025-02-24 23:30:00+00:00,0.63429,0.6343,0.63366,0.63387,484
2025-02-25 00:00:00+00:00,0.6339,0.63454,0.6339,0.63413,1241
2025-02-25 00:30:00+00:00,0.63414,0.63421,0.63376,0.63414,1399
2025-02-25 01:00:00+00:00,0.63414,0.63444,0.63392,0.63424,1828
2025-02-25 01:30:00+00:00,0.63426,0.63445,0.63402,0.63444,2267
2025-02-25 02:00:00+00:00,0.63444,0.63496,0.63417,0.63472,2351
2025-02-25 02:30:00+00:00,0.63475,0.63545,0.63474,0.63538,2132
2025-02-25 03:00:00+00:00,0.63536,0.63566,0.63525,0.63528,1477
2025-02-25 03:30:00+00:00,0.63529,0.63543,0.63518,0.63519,1020
2025-02-25 04:00:00+00:00,0.6352,0.63563,0.63519,0.63552,658
2025-02-25 04:30:00+00:00,0.63552,0.63554,0.63492,0.63498,1196
2025-02-25 05:00:00+00:00,0.63498,0.63544,0.63497,0.63541,1682
2025-02-25 05:30:00+00:00,0.63538,0.6356,0.63534,0.63549,1001
2025-02-25 06:00:00+00:00,0.63548,0.63564,0.63538,0.63548,1661
2025-02-25 06:30:00+00:00,0.63546,0.63548,0.63482,0.63504,1951
2025-02-25 07:00:00+00:00,0.63502,0.63508,0.63445,0.63462,2440
2025-02-25 07:30:00+00:00,0.63461,0.63474,0.63371,0.63372,2802
2025-02-25 08:00:00+00:00,0.63373,0.63442,0.6335,0.63389,2610
2025-02-25 08:30:00+00:00,0.63387,0.63407,0.63342,0.63386,1695
2025-02-25 09:00:00+00:00,0.63388,0.6341,0.63361,0.63386,1748
2025-02-25 09:30:00+00:00,0.63384,0.63393,0.63322,0.63324,1452
2025-02-25 10:00:00+00:00,0.63327,0.63328,0.63268,0.63286,1520
2025-02-25 10:30:00+00:00,0.63286,0.63309,0.6326,0.6326,1308
2025-02-25 11:00:00+00:00,0.63262,0.63344,0.63262,0.6334,1346
2025-02-25 11:30:00+00:00,0.63339,0.63454,0.63335,0.63452,1413
2025-02-25 12:00:00+00:00,0.63451,0.63475,0.63443,0.63456,1825
2025-02-25 12:30:00+00:00,0.63456,0.63458,0.63386,0.63432,1578
2025-02-25 13:00:00+00:00,0.63434,0.63482,0.63414,0.63442,1806
2025-02-25 13:30:00+00:00,0.63441,0.63518,0.6344,0.63457,1806
2025-02-25 14:00:00+00:00,0.63458,0.63462,0.63412,0.63457,2141
2025-02-25 14:30:00+00:00,0.63456,0.63458,0.63372,0.63376,2667
2025-02-25 15:00:00+00:00,0.63376,0.63389,0.63256,0.63312,4643
2025-02-25 15:30:00+00:00,0.63312,0.63344,0.63272,0.63333,4531
2025-02-25 16:00:00+00:00,0.6333,0.63358,0.63299,0.63318,2984
2025-02-25 16:30:00+00:00,0.6332,0.63338,0.63268,0.63321,2619
2025-02-25 17:00:00+00:00,0.63322,0.63332,0.63224,0.63273,2315
2025-02-25 17:30:00+00:00,0.63274,0.63348,0.63266,0.63345,1618
2025-02-25 18:00:00+00:00,0.63348,0.6341,0.63348,0.6336,2166
2025-02-25 18:30:00+00:00,0.63359,0.6346,0.63353,0.63406,2019
2025-02-25 19:00:00+00:00,0.63407,0.63438,0.63388,0.63394,1473
2025-02-25 19:30:00+00:00,0.63394,0.63438,0.63386,0.63422,1408
2025-02-25 20:00:00+00:00,0.63424,0.63482,0.63416,0.63468,1471
2025-02-25 20:30:00+00:00,0.63464,0.63468,0.63424,0.63428,2117
2025-02-25 21:00:00+00:00,0.63428,0.63468,0.63424,0.63458,1168
2025-02-25 21:30:00+00:00,0.63457,0.63463,0.63438,0.6344,967
2025-02-25 22:00:00+00:00,0.63434,0.63451,0.63429,0.63451,42
2025-02-25 22:30:00+00:00,0.63448,0.63494,0.63444,0.63482,439
2025-02-25 23:00:00+00:00,0.63484,0.635,0.63473,0.63498,446
2025-02-25 23:30:00+00:00,0.63498,0.63538,0.63496,0.63515,586
2025-02-26 00:00:00+00:00,0.63514,0.63532,0.63484,0.63528,1010
2025-02-26 00:30:00+00:00,0.63526,0.63528,0.63426,0.6343,1556
2025-02-26 01:00:00+00:00,0.6343,0.63436,0.63362,0.63374,1720
2025-02-26 01:30:00+00:00,0.63376,0.63388,0.63294,0.6338,2464
2025-02-26 02:00:00+00:00,0.63382,0.63412,0.63342,0.63346,2097
2025-02-26 02:30:00+00:00,0.63346,0.63362,0.6324,0.6331,2071
2025-02-26 03:00:00+00:00,0.63312,0.63346,0.63253,0.63274,1771
2025-02-26 03:30:00+00:00,0.63277,0.63304,0.6326,0.63268,1587
2025-02-26 04:00:00+00:00,0.63266,0.63304,0.63248,0.63304,1055
2025-02-26 04:30:00+00:00,0.63304,0.63314,0.63254,0.6327,991
2025-02-26 05:00:00+00:00,0.63268,0.63286,0.6325,0.63271,1412
2025-02-26 05:30:00+00:00,0.6327,0.6328,0.63202,0.63234,1292
2025-02-26 06:00:00+00:00,0.63234,0.63268,0.63218,0.63253,1021
2025-02-26 06:30:00+00:00,0.63253,0.63324,0.63252,0.63299,1440
2025-02-26 07:00:00+00:00,0.63301,0.63395,0.6329,0.63358,2152
2025-02-26 07:30:00+00:00,0.63356,0.63363,0.6326,0.63271,2316
2025-02-26 08:00:00+00:00,0.6327,0.63346,0.63261,0.63335,2214
2025-02-26 08:30:00+00:00,0.63336,0.63342,0.63274,0.63306,1893
2025-02-26 09:00:00+00:00,0.63306,0.63308,0.6325,0.63254,1890
2025-02-26 09:30:00+00:00,0.63253,0.63285,0.6323,0.63238,1331
2025-02-26 10:00:00+00:00,0.63241,0.6326,0.63214,0.63222,1473
2025-02-26 10:30:00+00:00,0.63222,0.63226,0.63176,0.63178,1154
2025-02-26 11:00:00+00:00,0.63178,0.63178,0.63125,0.63146,1228
2025-02-26 11:30:00+00:00,0.63146,0.63182,0.63119,0.6314,1702
2025-02-26 12:00:00+00:00,0.63136,0.63152,0.63097,0.63133,1580
2025-02-26 12:30:00+00:00,0.63133,0.63164,0.63056,0.63066,2106
2025-02-26 13:00:00+00:00,0.6307,0.63146,0.6306,0.63134,2060
2025-02-26 13:30:00+00:00,0.63134,0.6314,0.63048,0.63054,2034
2025-02-26 14:00:00+00:00,0.63054,0.63062,0.63002,0.63025,2390
2025-02-26 14:30:00+00:00,0.63024,0.6309,0.62995,0.63064,2426
2025-02-26 15:00:00+00:00,0.63065,0.63132,0.63024,0.63132,2461
2025-02-26 15:30:00+00:00,0.63132,0.63197,0.63123,0.63162,2974
2025-02-26 16:00:00+00:00,0.63165,0.63248,0.63165,0.63208,2170
2025-02-26 16:30:00+00:00,0.63212,0.63242,0.63188,0.63218,2027
2025-02-26 17:00:00+00:00,0.63217,0.63322,0.63156,0.63303,3524
2025-02-26 17:30:00+00:00,0.63302,0.63354,0.6314,0.6316,5828
2025-02-26 18:00:00+00:00,0.6316,0.63211,0.63148,0.63158,2847
2025-02-26 18:30:00+00:00,0.63154,0.63155,0.63054,0.63073,2098
2025-02-26 19:00:00+00:00,0.63072,0.63092,0.63022,0.63082,2237
2025-02-26 19:30:00+00:00,0.63078,0.63123,0.63072,0.63084,1656
2025-02-26 20:00:00+00:00,0.63084,0.63085,0.62984,0.63002,1965
2025-02-26 20:30:00+00:00,0.63,0.6303,0.62986,0.63007,1260
2025-02-26 21:00:00+00:00,0.63006,0.63023,0.6296,0.62994,1206
2025-02-26 21:30:00+00:00,0.62994,0.63058,0.62992,0.63054,563
2025-02-26 22:00:00+00:00,0.63044,0.63109,0.63044,0.63099,222
2025-02-26 22:30:00+00:00,0.63102,0.63104,0.6307,0.63077,329
2025-02-26 23:00:00+00:00,0.63078,0.63099,0.6307,0.63099,506
2025-02-26 23:30:00+00:00,0.63103,0.63146,0.63092,0.63094,831
2025-02-27 00:00:00+00:00,0.6309,0.6309,0.63026,0.63071,1593
2025-02-27 00:30:00+00:00,0.6307,0.63082,0.63002,0.63007,1591
2025-02-27 01:00:00+00:00,0.6301,0.63066,0.62968,0.63041,2156
2025-02-27 01:30:00+00:00,0.6304,0.63101,0.63038,0.63068,2609
2025-02-27 02:00:00+00:00,0.63069,0.63095,0.6303,0.63082,3231
2025-02-27 02:30:00+00:00,0.63082,0.631,0.63001,0.63018,2958
2025-02-27 03:00:00+00:00,0.6302,0.63054,0.63014,0.6304,2124
2025-02-27 03:30:00+00:00,0.63044,0.63044,0.62912,0.62929,1783
2025-02-27 04:00:00+00:00,0.6293,0.6295,0.62878,0.62886,1515
2025-02-27 04:30:00+00:00,0.62885,0.62899,0.62856,0.62882,1140
2025-02-27 05:00:00+00:00,0.6288,0.62908,0.62858,0.62892,1729
2025-02-27 05:30:00+00:00,0.62892,0.62929,0.62882,0.62918,1662
2025-02-27 06:00:00+00:00,0.62922,0.62953,0.62916,0.62928,1829
2025-02-27 06:30:00+00:00,0.62926,0.62972,0.62918,0.62964,2160
2025-02-27 07:00:00+00:00,0.62964,0.62989,0.62924,0.62958,2283
2025-02-27 07:30:00+00:00,0.62959,0.63038,0.62958,0.62977,1947
2025-02-27 08:00:00+00:00,0.62978,0.63034,0.62952,0.62963,2522
2025-02-27 08:30:00+00:00,0.62962,0.63007,0.6296,0.63,2004
2025-02-27 09:00:00+00:00,0.63002,0.63006,0.62962,0.62987,1615
2025-02-27 09:30:00+00:00,0.62987,0.6303,0.6298,0.63022,1561
2025-02-27 10:00:00+00:00,0.63024,0.63031,0.6297,0.62986,1629
2025-02-27 10:30:00+00:00,0.62987,0.62996,0.62954,0.62994,1332
2025-02-27 11:00:00+00:00,0.62996,0.63046,0.62986,0.63006,1553
2025-02-27 11:30:00+00:00,0.63006,0.63023,0.62986,0.62992,1479
2025-02-27 12:00:00+00:00,0.62994,0.63003,0.62952,0.62968,1302
2025-02-27 12:30:00+00:00,0.62968,0.6304,0.62948,0.6295,2539
2025-02-27 13:00:00+00:00,0.62948,0.62989,0.62922,0.6294,1980
2025-02-27 13:30:00+00:00,0.62936,0.62992,0.62656,0.62668,8798
2025-02-27 14:00:00+00:00,0.6267,0.62748,0.62646,0.62716,5089
2025-02-27 14:30:00+00:00,0.62715,0.62716,0.62502,0.6254,5265
2025-02-27 15:00:00+00:00,0.6254,0.62593,0.62502,0.62575,5213
2025-02-27 15:30:00+00:00,0.62574,0.62586,0.6253,0.62554,3605
2025-02-27 16:00:00+00:00,0.62558,0.62567,0.625,0.62533,3256
2025-02-27 16:30:00+00:00,0.62532,0.62579,0.62516,0.62542,2631
2025-02-27 17:00:00+00:00,0.62545,0.6257,0.62512,0.62546,1734
2025-02-27 17:30:00+00:00,0.62546,0.62555,0.62443,0.62468,2185
2025-02-27 18:00:00+00:00,0.62468,0.62533,0.62468,0.62526,1914
2025-02-27 18:30:00+00:00,0.62526,0.62546,0.625,0.62541,1669
2025-02-27 19:00:00+00:00,0.62543,0.62549,0.6249,0.6249,1713
2025-02-27 19:30:00+00:00,0.62487,0.62488,0.62402,0.62429,2526
2025-02-27 20:00:00+00:00,0.62428,0.62438,0.62361,0.6237,2063
2025-02-27 20:30:00+00:00,0.6237,0.62392,0.62352,0.6237,1775
2025-02-27 21:00:00+00:00,0.6237,0.62374,0.62324,0.62331,764
2025-02-27 21:30:00+00:00,0.62328,0.62366,0.62319,0.62362,659
2025-02-27 22:00:00+00:00,0.62352,0.6237,0.62352,0.62364,83
2025-02-27 22:30:00+00:00,0.62362,0.62362,0.62314,0.62322,488
2025-02-27 23:00:00+00:00,0.62322,0.62384,0.62318,0.62364,594
2025-02-27 23:30:00+00:00,0.62363,0.62372,0.62307,0.62314,814
2025-02-28 00:00:00+00:00,0.62318,0.62353,0.62294,0.62311,1251
2025-02-28 00:30:00+00:00,0.62314,0.62353,0.62287,0.62322,1630
2025-02-28 01:00:00+00:00,0.62322,0.6238,0.62318,0.6232,2358
2025-02-28 01:30:00+00:00,0.62318,0.62319,0.62208,0.62214,3741
2025-02-28 02:00:00+00:00,0.62214,0.62258,0.6217,0.62218,2672
2025-02-28 02:30:00+00:00,0.6222,0.62224,0.62132,0.62139,2245
2025-02-28 03:00:00+00:00,0.6214,0.62162,0.62102,0.62152,2199
2025-02-28 03:30:00+00:00,0.62153,0.62156,0.62102,0.62118,1828
2025-02-28 04:00:00+00:00,0.62119,0.62144,0.62102,0.62138,1197
2025-02-28 04:30:00+00:00,0.62138,0.62148,0.62108,0.62129,1415
2025-02-28 05:00:00+00:00,0.6213,0.62154,0.62122,0.62142,2140
2025-02-28 05:30:00+00:00,0.62143,0.62172,0.62122,0.6214,1401
2025-02-28 06:00:00+00:00,0.6214,0.62176,0.62118,0.62124,1884
2025-02-28 06:30:00+00:00,0.62124,0.62136,0.62098,0.62119,2041
2025-02-28 07:00:00+00:00,0.6212,0.62143,0.62088,0.62106,1583
2025-02-28 07:30:00+00:00,0.6211,0.62148,0.62094,0.62128,2023
2025-02-28 08:00:00+00:00,0.62132,0.6217,0.62114,0.62162,2101
2025-02-28 08:30:00+00:00,0.62161,0.62178,0.62136,0.62166,1606
2025-02-28 09:00:00+00:00,0.62168,0.62203,0.62148,0.62178,1774
2025-02-28 09:30:00+00:00,0.62178,0.62178,0.62136,0.62148,1518
2025-02-28 10:00:00+00:00,0.62146,0.62159,0.62112,0.62113,1564
2025-02-28 10:30:00+00:00,0.62113,0.62174,0.62113,0.62138,1441
2025-02-28 11:00:00+00:00,0.62136,0.6216,0.62121,0.62142,1394
2025-02-28 11:30:00+00:00,0.62141,0.62186,0.62136,0.62184,1163
2025-02-28 12:00:00+00:00,0.62184,0.62221,0.62174,0.62196,1545
2025-02-28 12:30:00+00:00,0.62196,0.62204,0.62152,0.62165,1532
2025-02-28 13:00:00+00:00,0.62166,0.62203,0.62162,0.62172,1754
2025-02-28 13:30:00+00:00,0.62171,0.622,0.62121,0.6213,3166
2025-02-28 14:00:00+00:00,0.62131,0.62148,0.62106,0.6213,2658
2025-02-28 14:30:00+00:00,0.62128,0.62142,0.62062,0.62098,3372
2025-02-28 15:00:00+00:00,0.62098,0.62142,0.62087,0.6214,3780
2025-02-28 15:30:00+00:00,0.62136,0.62204,0.62126,0.62187,3546
2025-02-28 16:00:00+00:00,0.62186,0.62189,0.62082,0.62089,3271
2025-02-28 16:30:00+00:00,0.62089,0.62127,0.62062,0.621,2610
2025-02-28 17:00:00+00:00,0.62102,0.62153,0.62058,0.6214,2530
2025-02-28 17:30:00+00:00,0.6214,0.62142,0.62052,0.62059,2639
2025-02-28 18:00:00+00:00,0.62054,0.6207,0.61934,0.61981,3784
2025-02-28 18:30:00+00:00,0.61982,0.62052,0.61946,0.61954,3546
2025-02-28 19:00:00+00:00,0.6195,0.61982,0.61926,0.61972,2715
2025-02-28 19:30:00+00:00,0.6197,0.62006,0.61962,0.6198,1493
2025-02-28 20:00:00+00:00,0.6198,0.62034,0.61968,0.62028,1956
2025-02-28 20:30:00+00:00,0.62028,0.62066,0.61982,0.62063,2303
2025-02-28 21:00:00+00:00,0.62059,0.62065,0.62026,0.62055,1416
2025-02-28 21:30:00+00:00,0.62056,0.62094,0.62048,0.62094,1059
2025-03-02 22:00:00+00:00,0.62156,0.62181,0.62142,0.6218,175
2025-03-02 22:30:00+00:00,0.62176,0.6218,0.6209,0.62094,696
2025-03-02 23:00:00+00:00,0.62096,0.622,0.6209,0.62199,1168
2025-03-02 23:30:00+00:00,0.62199,0.62239,0.6218,0.62201,1186
2025-03-03 00:00:00+00:00,0.622,0.6225,0.62142,0.62238,2150
2025-03-03 00:30:00+00:00,0.62236,0.62248,0.62182,0.6219,2217
2025-03-03 01:00:00+00:00,0.62193,0.62292,0.62186,0.62284,2665
2025-03-03 01:30:00+00:00,0.62285,0.62306,0.62248,0.62272,2726
2025-03-03 02:00:00+00:00,0.6227,0.62309,0.62244,0.6225,2246
2025-03-03 02:30:00+00:00,0.62248,0.62254,0.62193,0.62206,2109
2025-03-03 03:00:00+00:00,0.62204,0.62205,0.62107,0.62138,2863
2025-03-03 03:30:00+00:00,0.62136,0.62202,0.62132,0.62177,1779
2025-03-03 04:00:00+00:00,0.62178,0.62228,0.62174,0.62228,1221
2025-03-03 04:30:00+00:00,0.62226,0.62234,0.62196,0.62197,1183
2025-03-03 05:00:00+00:00,0.62196,0.62202,0.62176,0.62201,1534
2025-03-03 05:30:00+00:00,0.62202,0.62219,0.6215,0.62172,1520
2025-03-03 06:00:00+00:00,0.6217,0.62176,0.62114,0.62118,2081
2025-03-03 06:30:00+00:00,0.62117,0.62172,0.62088,0.62158,2007
2025-03-03 07:00:00+00:00,0.62159,0.62186,0.62142,0.62166,1990
2025-03-03 07:30:00+00:00,0.62165,0.62203,0.62154,0.62174,1724
2025-03-03 08:00:00+00:00,0.62174,0.62192,0.62116,0.62125,2171
2025-03-03 08:30:00+00:00,0.62124,0.62184,0.62107,0.6218,2098
2025-03-03 09:00:00+00:00,0.62182,0.6223,0.6217,0.622,2101
2025-03-03 09:30:00+00:00,0.62202,0.62255,0.62182,0.62242,1452
2025-03-03 10:00:00+00:00,0.62241,0.6227,0.62221,0.6223,2260
2025-03-03 10:30:00+00:00,0.62231,0.62244,0.62204,0.62227,1436
2025-03-03 11:00:00+00:00,0.62228,0.62256,0.62224,0.6225,1790
2025-03-03 11:30:00+00:00,0.62248,0.62265,0.62204,0.62226,1381
2025-03-03 12:00:00+00:00,0.62226,0.62302,0.62226,0.62268,3081
2025-03-03 12:30:00+00:00,0.62268,0.62292,0.62246,0.62272,2130
2025-03-03 13:00:00+00:00,0.62274,0.62334,0.62248,0.6232,2282
2025-03-03 13:30:00+00:00,0.62318,0.62338,0.62298,0.62332,2649
2025-03-03 14:00:00+00:00,0.62334,0.62434,0.62326,0.62432,2210
2025-03-03 14:30:00+00:00,0.62432,0.6249,0.62418,0.62434,3059
2025-03-03 15:00:00+00:00,0.62424,0.6253,0.62373,0.6251,5970
2025-03-03 15:30:00+00:00,0.62506,0.62546,0.62407,0.6241,5075
2025-03-03 16:00:00+00:00,0.6241,0.62454,0.62392,0.62453,3254
2025-03-03 16:30:00+00:00,0.62454,0.62488,0.6243,0.62474,2923
2025-03-03 17:00:00+00:00,0.6247,0.625,0.62446,0.62492,2076
2025-03-03 17:30:00+00:00,0.62492,0.62496,0.62462,0.62478,2064
2025-03-03 18:00:00+00:00,0.62478,0.6248,0.6238,0.6238,2113
2025-03-03 18:30:00+00:00,0.6238,0.62517,0.62341,0.6236,4759
2025-03-03 19:00:00+00:00,0.62356,0.62381,0.62336,0.62349,2012
2025-03-03 19:30:00+00:00,0.6235,0.62386,0.62206,0.62222,4760
2025-03-03 20:00:00+00:00,0.6222,0.62264,0.62058,0.62064,5785
2025-03-03 20:30:00+00:00,0.62063,0.62208,0.62038,0.62204,3975
2025-03-03 21:00:00+00:00,0.62204,0.62268,0.622,0.62265,1757
2025-03-03 21:30:00+00:00,0.62266,0.62272,0.62224,0.62246,1620
2025-03-03 22:00:00+00:00,0.62218,0.62252,0.62202,0.6224,774
2025-03-03 22:30:00+00:00,0.62241,0.62241,0.622,0.62206,455
2025-03-03 23:00:00+00:00,0.622,0.62227,0.62176,0.62227,612
2025-03-03 23:30:00+00:00,0.62226,0.62248,0.62128,0.62157,1048
2025-03-04 00:00:00+00:00,0.62156,0.6219,0.62112,0.62156,2013
2025-03-04 00:30:00+00:00,0.62157,0.62166,0.62054,0.62162,2575
2025-03-04 01:00:00+00:00,0.62162,0.62192,0.62116,0.6218,2948
2025-03-04 01:30:00+00:00,0.62178,0.62196,0.62082,0.62102,3744
2025-03-04 02:00:00+00:00,0.62102,0.62126,0.62,0.62036,3114
2025-03-04 02:30:00+00:00,0.62038,0.62108,0.62011,0.62012,2697
2025-03-04 03:00:00+00:00,0.62013,0.62092,0.61974,0.6206,2463
2025-03-04 03:30:00+00:00,0.62058,0.62088,0.61994,0.62,2164
2025-03-04 04:00:00+00:00,0.62,0.62006,0.61902,0.61982,2262
2025-03-04 04:30:00+00:00,0.61982,0.61982,0.6194,0.61953,1682
2025-03-04 05:00:00+00:00,0.61952,0.62024,0.6187,0.61946,4219
2025-03-04 05:30:00+00:00,0.61949,0.62018,0.61945,0.62016,2263
2025-03-04 06:00:00+00:00,0.62018,0.62096,0.62006,0.62096,2139
2025-03-04 06:30:00+00:00,0.62095,0.62111,0.62046,0.62106,2158
2025-03-04 07:00:00+00:00,0.62104,0.62132,0.62048,0.62052,3499
2025-03-04 07:30:00+00:00,0.62054,0.62131,0.62038,0.6206,2966
2025-03-04 08:00:00+00:00,0.6206,0.62092,0.61983,0.62083,3843
2025-03-04 08:30:00+00:00,0.62082,0.62119,0.62052,0.62102,3749
2025-03-04 09:00:00+00:00,0.62102,0.62226,0.62098,0.62226,2984
2025-03-04 09:30:00+00:00,0.62222,0.623,0.62216,0.62218,2579
2025-03-04 10:00:00+00:00,0.62216,0.62225,0.6217,0.62199,2233
2025-03-04 10:30:00+00:00,0.62198,0.6226,0.62195,0.62236,2185
2025-03-04 11:00:00+00:00,0.62234,0.62275,0.62216,0.62247,1771
2025-03-04 11:30:00+00:00,0.62248,0.62377,0.62234,0.62367,2554
2025-03-04 12:00:00+00:00,0.62368,0.62428,0.62331,0.62415,3298
2025-03-04 12:30:00+00:00,0.62414,0.62442,0.6238,0.6238,3615
2025-03-04 13:00:00+00:00,0.62382,0.6241,0.62282,0.62306,4304
2025-03-04 13:30:00+00:00,0.62309,0.62322,0.62196,0.62255,4517
2025-03-04 14:00:00+00:00,0.62254,0.62305,0.6217,0.62204,4894
2025-03-04 14:30:00+00:00,0.62202,0.62216,0.62054,0.62054,6071
2025-03-04 15:00:00+00:00,0.6205,0.62105,0.61966,0.6205,5900
2025-03-04 15:30:00+00:00,0.62047,0.62118,0.6204,0.62066,5606
2025-03-04 16:00:00+00:00,0.62068,0.62096,0.61986,0.62004,4394
2025-03-04 16:30:00+00:00,0.62004,0.62137,0.62002,0.621,4573
2025-03-04 17:00:00+00:00,0.62102,0.62172,0.621,0.62168,3578
2025-03-04 17:30:00+00:00,0.62166,0.62205,0.62101,0.62156,3905
2025-03-04 18:00:00+00:00,0.62153,0.62291,0.62145,0.62211,4274
2025-03-04 18:30:00+00:00,0.62211,0.623,0.62193,0.62298,3430
2025-03-04 19:00:00+00:00,0.62297,0.62412,0.62297,0.62382,3178
2025-03-04 19:30:00+00:00,0.62383,0.6247,0.62372,0.62464,2417
2025-03-04 20:00:00+00:00,0.62462,0.62628,0.62462,0.62606,2802
2025-03-04 20:30:00+00:00,0.62602,0.62606,0.62486,0.625,4094
2025-03-04 21:00:00+00:00,0.62502,0.62684,0.62483,0.62684,4275
2025-03-04 21:30:00+00:00,0.62688,0.62721,0.62658,0.62713,2282
2025-03-04 22:00:00+00:00,0.62678,0.62687,0.62658,0.62671,167
2025-03-04 22:30:00+00:00,0.62675,0.62694,0.62662,0.6269,377
2025-03-04 23:00:00+00:00,0.62688,0.62797,0.62678,0.62725,1145
2025-03-04 23:30:00+00:00,0.62727,0.62737,0.62672,0.62681,821
2025-03-05 00:00:00+00:00,0.6268,0.6268,0.62579,0.6261,2599
2025-03-05 00:30:00+00:00,0.6261,0.62631,0.62546,0.62566,2134
2025-03-05 01:00:00+00:00,0.62566,0.62664,0.62546,0.62586,2839
2025-03-05 01:30:00+00:00,0.62586,0.62622,0.62502,0.62504,4794
2025-03-05 02:00:00+00:00,0.62504,0.62526,0.62436,0.62444,3548
2025-03-05 02:30:00+00:00,0.62447,0.62464,0.62385,0.62385,2953
2025-03-05 03:00:00+00:00,0.62384,0.62458,0.6234,0.62428,3261
2025-03-05 03:30:00+00:00,0.6243,0.62509,0.6241,0.62504,2625
2025-03-05 04:00:00+00:00,0.62505,0.62566,0.62486,0.62525,1994
2025-03-05 04:30:00+00:00,0.62526,0.62562,0.62484,0.62487,1666
2025-03-05 05:00:00+00:00,0.62486,0.62542,0.6248,0.62486,1632
2025-03-05 05:30:00+00:00,0.62485,0.62562,0.6247,0.62544,1555
2025-03-05 06:00:00+00:00,0.62546,0.62626,0.62526,0.6255,1936
2025-03-05 06:30:00+00:00,0.62548,0.62651,0.62531,0.62633,2315
2025-03-05 07:00:00+00:00,0.62634,0.6278,0.62634,0.62766,3028
2025-03-05 07:30:00+00:00,0.62766,0.62796,0.6267,0.62726,3594
2025-03-05 08:00:00+00:00,0.62726,0.6278,0.62678,0.62731,3354
2025-03-05 08:30:00+00:00,0.62732,0.62841,0.62708,0.6284,3034
2025-03-05 09:00:00+00:00,0.62841,0.62909,0.62836,0.62873,2984
2025-03-05 09:30:00+00:00,0.6287,0.62908,0.62824,0.62843,2351
2025-03-05 10:00:00+00:00,0.62842,0.6285,0.62758,0.62775,2740
2025-03-05 10:30:00+00:00,0.62774,0.62843,0.62774,0.62836,2230
2025-03-05 11:00:00+00:00,0.62838,0.6286,0.6278,0.62792,2157
2025-03-05 11:30:00+00:00,0.6279,0.62831,0.62768,0.62794,1982
2025-03-05 12:00:00+00:00,0.62798,0.62908,0.62796,0.62882,2582
2025-03-05 12:30:00+00:00,0.62882,0.6289,0.62766,0.62781,3043
2025-03-05 13:00:00+00:00,0.6278,0.62864,0.62703,0.6286,5891
2025-03-05 13:30:00+00:00,0.6286,0.62949,0.62806,0.62946,4955
2025-03-05 14:00:00+00:00,0.62943,0.63028,0.62924,0.63022,4208
2025-03-05 14:30:00+00:00,0.63024,0.63188,0.63016,0.63178,6197
2025-03-05 15:00:00+00:00,0.63167,0.6321,0.63038,0.63057,8645
2025-03-05 15:30:00+00:00,0.63058,0.63119,0.63006,0.63058,5652
2025-03-05 16:00:00+00:00,0.63056,0.63119,0.63018,0.63053,5101
2025-03-05 16:30:00+00:00,0.6305,0.63164,0.63012,0.63098,5513
2025-03-05 17:00:00+00:00,0.63098,0.63168,0.6308,0.63164,4502
2025-03-05 17:30:00+00:00,0.63168,0.63246,0.63165,0.63237,2486
2025-03-05 18:00:00+00:00,0.63236,0.63277,0.63131,0.63204,5821
2025-03-05 18:30:00+00:00,0.63203,0.63246,0.63136,0.63241,2745
2025-03-05 19:00:00+00:00,0.6324,0.63312,0.6324,0.63301,2222
2025-03-05 19:30:00+00:00,0.63302,0.63414,0.63302,0.63392,2021
2025-03-05 20:00:00+00:00,0.6339,0.63424,0.63365,0.63376,1178
2025-03-05 20:30:00+00:00,0.63375,0.63422,0.63365,0.634,1230
2025-03-05 21:00:00+00:00,0.63401,0.63401,0.63346,0.63381,1182
2025-03-05 21:30:00+00:00,0.6338,0.63388,0.63348,0.63352,1519
2025-03-05 22:00:00+00:00,0.6331,0.63388,0.63308,0.63358,147
2025-03-05 22:30:00+00:00,0.63358,0.6336,0.63308,0.63325,265
2025-03-05 23:00:00+00:00,0.63325,0.6338,0.63324,0.63363,661
2025-03-05 23:30:00+00:00,0.63362,0.63394,0.63353,0.63368,738
2025-03-06 00:00:00+00:00,0.63365,0.63388,0.63321,0.63348,1444
2025-03-06 00:30:00+00:00,0.63346,0.63369,0.63292,0.63302,1791
2025-03-06 01:00:00+00:00,0.63301,0.63384,0.63301,0.63377,2592
2025-03-06 01:30:00+00:00,0.6338,0.63533,0.63372,0.63514,3024
2025-03-06 02:00:00+00:00,0.63514,0.63569,0.6341,0.63448,2943
2025-03-06 02:30:00+00:00,0.63446,0.63457,0.6339,0.63436,2110
2025-03-06 03:00:00+00:00,0.6344,0.63441,0.63366,0.63421,1635
2025-03-06 03:30:00+00:00,0.63419,0.63438,0.63386,0.63392,1583
2025-03-06 04:00:00+00:00,0.63394,0.63414,0.63374,0.63382,1257
2025-03-06 04:30:00+00:00,0.6338,0.63478,0.6338,0.63472,1253
2025-03-06 05:00:00+00:00,0.6347,0.63474,0.63375,0.63392,1591
2025-03-06 05:30:00+00:00,0.6339,0.63402,0.63336,0.63378,1715
2025-03-06 06:00:00+00:00,0.63378,0.63454,0.63376,0.63385,2052
2025-03-06 06:30:00+00:00,0.63384,0.63407,0.63368,0.63406,1706
2025-03-06 07:00:00+00:00,0.63406,0.63491,0.63338,0.63363,2726
2025-03-06 07:30:00+00:00,0.63362,0.63444,0.63318,0.63322,3178
2025-03-06 08:00:00+00:00,0.63324,0.63416,0.63288,0.6341,4016
2025-03-06 08:30:00+00:00,0.63407,0.63448,0.63356,0.63357,3187
2025-03-06 09:00:00+00:00,0.63356,0.63391,0.63274,0.63276,3254
2025-03-06 09:30:00+00:00,0.63271,0.63343,0.63243,0.6333,2845
2025-03-06 10:00:00+00:00,0.6333,0.63346,0.63284,0.63326,2929
2025-03-06 10:30:00+00:00,0.63327,0.63334,0.63264,0.63282,2414
2025-03-06 11:00:00+00:00,0.63281,0.63281,0.63226,0.63226,2159
2025-03-06 11:30:00+00:00,0.63226,0.63369,0.63226,0.63348,1915
2025-03-06 12:00:00+00:00,0.63351,0.63372,0.63321,0.63341,2074
2025-03-06 12:30:00+00:00,0.6334,0.63393,0.63312,0.63334,3007
2025-03-06 13:00:00+00:00,0.63334,0.63454,0.63326,0.63402,4326
2025-03-06 13:30:00+00:00,0.63404,0.63406,0.63292,0.63324,5124
2025-03-06 14:00:00+00:00,0.63324,0.63387,0.63292,0.63356,5958
2025-03-06 14:30:00+00:00,0.63359,0.63409,0.63312,0.63386,5980
2025-03-06 15:00:00+00:00,0.63384,0.63563,0.63379,0.63474,6048
2025-03-06 15:30:00+00:00,0.63476,0.63519,0.63439,0.63508,5137
2025-03-06 16:00:00+00:00,0.6351,0.63636,0.63498,0.63598,4590
2025-03-06 16:30:00+00:00,0.63598,0.63641,0.63466,0.63468,5970
2025-03-06 17:00:00+00:00,0.63468,0.63508,0.63416,0.63462,3519
2025-03-06 17:30:00+00:00,0.63464,0.6348,0.63352,0.63392,3013
2025-03-06 18:00:00+00:00,0.63392,0.6346,0.6339,0.63414,2601
2025-03-06 18:30:00+00:00,0.63414,0.63439,0.6335,0.63372,3237
2025-03-06 19:00:00+00:00,0.63375,0.6338,0.63312,0.63312,2321
2025-03-06 19:30:00+00:00,0.63312,0.63438,0.63294,0.63356,3149
2025-03-06 20:00:00+00:00,0.63355,0.63399,0.63332,0.63358,3269
2025-03-06 20:30:00+00:00,0.63359,0.63396,0.63304,0.63309,2934
2025-03-06 21:00:00+00:00,0.63308,0.63327,0.63294,0.63318,867
2025-03-06 21:30:00+00:00,0.63318,0.63335,0.63304,0.63332,665
2025-03-06 22:00:00+00:00,0.63294,0.63354,0.63292,0.63338,236
2025-03-06 22:30:00+00:00,0.63338,0.63348,0.6331,0.63333,297
2025-03-06 23:00:00+00:00,0.63328,0.63377,0.63325,0.63339,530
2025-03-06 23:30:00+00:00,0.63338,0.63346,0.63312,0.63316,467
2025-03-07 00:00:00+00:00,0.63316,0.63373,0.63282,0.63284,1456
2025-03-07 00:30:00+00:00,0.6328,0.63322,0.63243,0.63265,1701
2025-03-07 01:00:00+00:00,0.63264,0.63291,0.63165,0.63176,1861
2025-03-07 01:30:00+00:00,0.63176,0.63206,0.63142,0.63196,2249
2025-03-07 02:00:00+00:00,0.63198,0.6321,0.63131,0.63178,2178
2025-03-07 02:30:00+00:00,0.63177,0.63214,0.63144,0.63146,2178
2025-03-07 03:00:00+00:00,0.63146,0.63146,0.63074,0.63092,2240
2025-03-07 03:30:00+00:00,0.63092,0.63109,0.63002,0.63026,1566
2025-03-07 04:00:00+00:00,0.63026,0.6307,0.63022,0.63054,1221
2025-03-07 04:30:00+00:00,0.63055,0.6307,0.63039,0.63061,1093
2025-03-07 05:00:00+00:00,0.63056,0.63064,0.63008,0.63052,1385
2025-03-07 05:30:00+00:00,0.63051,0.63075,0.63004,0.63014,1795
2025-03-07 06:00:00+00:00,0.63014,0.63047,0.62968,0.63004,1889
2025-03-07 06:30:00+00:00,0.63002,0.63043,0.62978,0.63035,1574
2025-03-07 07:00:00+00:00,0.63032,0.63114,0.63016,0.63104,2194
2025-03-07 07:30:00+00:00,0.63102,0.63126,0.63058,0.63092,1783
2025-03-07 08:00:00+00:00,0.63094,0.63175,0.63074,0.63172,3004
2025-03-07 08:30:00+00:00,0.63173,0.63201,0.63146,0.63168,2546
2025-03-07 09:00:00+00:00,0.63168,0.63218,0.63138,0.63146,2413
2025-03-07 09:30:00+00:00,0.63146,0.63188,0.63132,0.63136,1704
2025-03-07 10:00:00+00:00,0.63136,0.63141,0.6306,0.63068,1898
2025-03-07 10:30:00+00:00,0.63066,0.63116,0.63044,0.63087,1862
2025-03-07 11:00:00+00:00,0.63086,0.63091,0.63006,0.63014,1814
2025-03-07 11:30:00+00:00,0.63014,0.63014,0.62938,0.62954,1643
2025-03-07 12:00:00+00:00,0.62958,0.62999,0.62946,0.62958,2711
2025-03-07 12:30:00+00:00,0.62957,0.62972,0.62878,0.62918,2173
2025-03-07 13:00:00+00:00,0.62916,0.62942,0.62877,0.62926,2835
2025-03-07 13:30:00+00:00,0.6292,0.63118,0.6285,0.62854,10827
2025-03-07 14:00:00+00:00,0.62856,0.62994,0.62822,0.62976,6267
2025-03-07 14:30:00+00:00,0.62976,0.63079,0.62963,0.63058,5793
2025-03-07 15:00:00+00:00,0.63058,0.63168,0.63028,0.63128,4252
2025-03-07 15:30:00+00:00,0.63126,0.63169,0.63,0.63129,6236
2025-03-07 16:00:00+00:00,0.63128,0.63132,0.6302,0.63022,3804
2025-03-07 16:30:00+00:00,0.63024,0.63028,0.62936,0.62989,4574
2025-03-07 17:00:00+00:00,0.6299,0.63026,0.6284,0.62904,4854
2025-03-07 17:30:00+00:00,0.62902,0.62976,0.6286,0.6293,3835
2025-03-07 18:00:00+00:00,0.62931,0.62952,0.62906,0.62926,4680
2025-03-07 18:30:00+00:00,0.62928,0.63009,0.62902,0.63001,3127
2025-03-07 19:00:00+00:00,0.63002,0.63072,0.62997,0.63048,2815
2025-03-07 19:30:00+00:00,0.6305,0.63099,0.63045,0.63089,2404
2025-03-07 20:00:00+00:00,0.63087,0.63116,0.63081,0.63112,1932
2025-03-07 20:30:00+00:00,0.63112,0.63118,0.63085,0.63101,1891
2025-03-07 21:00:00+00:00,0.63098,0.63129,0.63084,0.63101,924
2025-03-07 21:30:00+00:00,0.63098,0.63101,0.63064,0.63066,979
2025-03-09 21:00:00+00:00,0.631,0.63112,0.6304,0.63044,302
2025-03-09 21:30:00+00:00,0.63046,0.63106,0.63034,0.63058,279
2025-03-09 22:00:00+00:00,0.63067,0.63084,0.62994,0.63054,1336
2025-03-09 22:30:00+00:00,0.63054,0.631,0.63006,0.63011,831
2025-03-09 23:00:00+00:00,0.63014,0.63053,0.62958,0.6303,1708
2025-03-09 23:30:00+00:00,0.63029,0.63078,0.63004,0.6303,1637
2025-03-10 00:00:00+00:00,0.6303,0.63086,0.62998,0.63067,2305
2025-03-10 00:30:00+00:00,0.63068,0.63146,0.63068,0.63108,2645
2025-03-10 01:00:00+00:00,0.63109,0.63188,0.63104,0.63126,2656
2025-03-10 01:30:00+00:00,0.63122,0.63192,0.63114,0.6317,2548
2025-03-10 02:00:00+00:00,0.63168,0.632,0.63124,0.63158,2061
2025-03-10 02:30:00+00:00,0.6316,0.63186,0.6307,0.63081,1872
2025-03-10 03:00:00+00:00,0.6308,0.63088,0.63014,0.6302,1767
2025-03-10 03:30:00+00:00,0.6302,0.63106,0.6302,0.63054,1594
2025-03-10 04:00:00+00:00,0.63054,0.63099,0.6305,0.63085,1136
2025-03-10 04:30:00+00:00,0.63086,0.63097,0.63064,0.63065,1560
2025-03-10 05:00:00+00:00,0.63064,0.63153,0.63046,0.63137,2125
2025-03-10 05:30:00+00:00,0.63136,0.63169,0.6311,0.63167,1876
2025-03-10 06:00:00+00:00,0.63168,0.6324,0.63153,0.63212,1737
2025-03-10 06:30:00+00:00,0.63207,0.63226,0.63178,0.63186,1684
2025-03-10 07:00:00+00:00,0.63185,0.63222,0.63155,0.63179,2217
2025-03-10 07:30:00+00:00,0.63178,0.63231,0.63155,0.63226,3110
2025-03-10 08:00:00+00:00,0.63227,0.63232,0.63148,0.63184,3924
2025-03-10 08:30:00+00:00,0.63184,0.63197,0.63104,0.63128,2953
2025-03-10 09:00:00+00:00,0.63126,0.6326,0.63118,0.63225,2597
2025-03-10 09:30:00+00:00,0.63224,0.63296,0.63222,0.63264,2312
2025-03-10 10:00:00+00:00,0.63268,0.63296,0.6324,0.63256,2562
2025-03-10 10:30:00+00:00,0.63254,0.6327,0.63219,0.63226,1969
2025-03-10 11:00:00+00:00,0.63227,0.63258,0.6316,0.6325,4666
2025-03-10 11:30:00+00:00,0.63251,0.63282,0.6323,0.63246,2100
2025-03-10 12:00:00+00:00,0.63247,0.63289,0.6323,0.63285,2280
2025-03-10 12:30:00+00:00,0.63284,0.6331,0.63241,0.63256,3057
2025-03-10 13:00:00+00:00,0.63257,0.6329,0.63195,0.6327,3073
2025-03-10 13:30:00+00:00,0.6327,0.63278,0.6317,0.63172,4385
2025-03-10 14:00:00+00:00,0.63172,0.63173,0.63036,0.63084,4108
2025-03-10 14:30:00+00:00,0.63088,0.63122,0.6305,0.63084,3395
2025-03-10 15:00:00+00:00,0.63084,0.63138,0.63054,0.63136,3066
2025-03-10 15:30:00+00:00,0.63135,0.63144,0.6303,0.63065,3730
2025-03-10 16:00:00+00:00,0.63064,0.63078,0.63022,0.63036,2685
2025-03-10 16:30:00+00:00,0.63036,0.63055,0.62986,0.62996,2712
2025-03-10 17:00:00+00:00,0.62997,0.63,0.62954,0.6298,2188
2025-03-10 17:30:00+00:00,0.62982,0.62982,0.62864,0.62866,2126
2025-03-10 18:00:00+00:00,0.62864,0.6287,0.6277,0.62774,3209
2025-03-10 18:30:00+00:00,0.62773,0.62783,0.62678,0.62698,2263
2025-03-10 19:00:00+00:00,0.62694,0.62831,0.62646,0.62799,2665
2025-03-10 19:30:00+00:00,0.628,0.62836,0.62776,0.62824,2663
2025-03-10 20:00:00+00:00,0.62824,0.62851,0.62734,0.62746,1151
2025-03-10 20:30:00+00:00,0.62744,0.62794,0.62731,0.62794,934
2025-03-10 21:00:00+00:00,0.62788,0.6279,0.62765,0.6277,80
2025-03-10 21:30:00+00:00,0.62767,0.62799,0.62762,0.62796,110
2025-03-10 22:00:00+00:00,0.62796,0.628,0.62743,0.62746,665
2025-03-10 22:30:00+00:00,0.62746,0.6277,0.62721,0.62721,626
2025-03-10 23:00:00+00:00,0.6272,0.62762,0.62711,0.62736,1605
2025-03-10 23:30:00+00:00,0.62736,0.62804,0.62716,0.62802,1290
2025-03-11 00:00:00+00:00,0.62804,0.6285,0.62768,0.62848,1905
2025-03-11 00:30:00+00:00,0.62848,0.6285,0.62731,0.62772,2264
2025-03-11 01:00:00+00:00,0.6277,0.62778,0.6259,0.62658,3353
2025-03-11 01:30:00+00:00,0.62657,0.62759,0.62644,0.62731,2884
2025-03-11 02:00:00+00:00,0.62732,0.62884,0.62721,0.62794,3137
2025-03-11 02:30:00+00:00,0.62793,0.62814,0.62725,0.62786,2652
2025-03-11 03:00:00+00:00,0.62786,0.6284,0.62696,0.62734,2872
2025-03-11 03:30:00+00:00,0.62732,0.62768,0.62725,0.62743,1829
2025-03-11 04:00:00+00:00,0.62742,0.62769,0.62714,0.62765,1500
2025-03-11 04:30:00+00:00,0.62766,0.6281,0.62752,0.62772,1152
2025-03-11 05:00:00+00:00,0.62773,0.62775,0.62626,0.62706,2274
2025-03-11 05:30:00+00:00,0.62706,0.62734,0.62638,0.62678,2043
2025-03-11 06:00:00+00:00,0.62678,0.6275,0.6263,0.62719,2872
2025-03-11 06:30:00+00:00,0.62719,0.62776,0.62677,0.62688,2418
2025-03-11 07:00:00+00:00,0.62686,0.62824,0.6267,0.62809,2516
2025-03-11 07:30:00+00:00,0.62812,0.62888,0.6278,0.6285,3233
2025-03-11 08:00:00+00:00,0.62851,0.62904,0.62809,0.62895,3278
2025-03-11 08:30:00+00:00,0.62892,0.62922,0.62848,0.62909,2511
2025-03-11 09:00:00+00:00,0.62908,0.62972,0.62872,0.62888,2532
2025-03-11 09:30:00+00:00,0.62887,0.62958,0.6287,0.62912,2350
2025-03-11 10:00:00+00:00,0.62912,0.62913,0.62833,0.62836,2426
2025-03-11 10:30:00+00:00,0.62838,0.62866,0.62809,0.62844,1898
2025-03-11 11:00:00+00:00,0.62842,0.62847,0.62796,0.62802,2077
2025-03-11 11:30:00+00:00,0.62802,0.62902,0.62797,0.62901,2126
2025-03-11 12:00:00+00:00,0.62902,0.62962,0.62887,0.62958,2490
2025-03-11 12:30:00+00:00,0.62957,0.62977,0.62892,0.6291,2492
2025-03-11 13:00:00+00:00,0.6291,0.62916,0.62866,0.62908,2380
2025-03-11 13:30:00+00:00,0.62908,0.62982,0.62882,0.62947,3483
2025-03-11 14:00:00+00:00,0.62942,0.62966,0.62728,0.62748,8493
2025-03-11 14:30:00+00:00,0.62748,0.62786,0.62658,0.62696,5360
2025-03-11 15:00:00+00:00,0.62693,0.6287,0.62682,0.62818,5743
2025-03-11 15:30:00+00:00,0.62818,0.62909,0.62799,0.62845,3670
2025-03-11 16:00:00+00:00,0.62844,0.62882,0.62802,0.62864,3329
2025-03-11 16:30:00+00:00,0.62864,0.62888,0.62834,0.62838,2297
2025-03-11 17:00:00+00:00,0.62836,0.6284,0.62779,0.62785,2632
2025-03-11 17:30:00+00:00,0.62784,0.62887,0.62772,0.62864,2865
2025-03-11 18:00:00+00:00,0.62866,0.63006,0.62864,0.6298,3415
2025-03-11 18:30:00+00:00,0.62979,0.63118,0.62946,0.6307,4201
2025-03-11 19:00:00+00:00,0.6307,0.63102,0.63024,0.63048,3771
2025-03-11 19:30:00+00:00,0.6305,0.63103,0.62982,0.62982,2577
2025-03-11 20:00:00+00:00,0.62982,0.62988,0.62936,0.62936,992
2025-03-11 20:30:00+00:00,0.62938,0.62987,0.62924,0.62986,715
2025-03-11 21:00:00+00:00,0.62984,0.62986,0.62936,0.62965,70
2025-03-11 21:30:00+00:00,0.62965,0.62965,0.62888,0.62938,310
2025-03-11 22:00:00+00:00,0.62933,0.62976,0.62933,0.6297,415
2025-03-11 22:30:00+00:00,0.6297,0.62997,0.62946,0.6299,564
2025-03-11 23:00:00+00:00,0.6299,0.62998,0.6295,0.62966,1159
2025-03-11 23:30:00+00:00,0.62966,0.62969,0.62944,0.62952,841
2025-03-12 00:00:00+00:00,0.62958,0.62979,0.62932,0.62946,1288
2025-03-12 00:30:00+00:00,0.62946,0.62948,0.6288,0.62938,1254
2025-03-12 01:00:00+00:00,0.62936,0.62957,0.62898,0.62926,1790
2025-03-12 01:30:00+00:00,0.62926,0.6296,0.62908,0.62918,2549
2025-03-12 02:00:00+00:00,0.62917,0.62975,0.62907,0.62933,1842
2025-03-12 02:30:00+00:00,0.62932,0.62948,0.62874,0.62888,1426
2025-03-12 03:00:00+00:00,0.62886,0.62926,0.62866,0.62884,1525
2025-03-12 03:30:00+00:00,0.62881,0.62882,0.62833,0.62838,1118
2025-03-12 04:00:00+00:00,0.62839,0.62907,0.62823,0.62903,1072
2025-03-12 04:30:00+00:00,0.62902,0.62914,0.6287,0.62888,911
2025-03-12 05:00:00+00:00,0.62892,0.62908,0.62864,0.62896,1802
2025-03-12 05:30:00+00:00,0.62898,0.6293,0.62884,0.62927,1304
2025-03-12 06:00:00+00:00,0.62926,0.62944,0.6286,0.62872,1653
2025-03-12 06:30:00+00:00,0.62874,0.62881,0.6278,0.62794,1754
2025-03-12 07:00:00+00:00,0.62792,0.62858,0.62766,0.62846,2364
2025-03-12 07:30:00+00:00,0.62845,0.62904,0.6283,0.62879,2023
2025-03-12 08:00:00+00:00,0.6288,0.62907,0.62862,0.62896,2814
2025-03-12 08:30:00+00:00,0.62896,0.62992,0.6288,0.62986,2605
2025-03-12 09:00:00+00:00,0.62985,0.63013,0.62964,0.62972,1904
2025-03-12 09:30:00+00:00,0.62973,0.62975,0.6288,0.62885,1799
2025-03-12 10:00:00+00:00,0.62884,0.62902,0.62862,0.62885,1318
2025-03-12 10:30:00+00:00,0.62886,0.62904,0.62858,0.62884,1323
2025-03-12 11:00:00+00:00,0.62884,0.6294,0.62884,0.62906,1608
2025-03-12 11:30:00+00:00,0.62906,0.62929,0.62857,0.62865,1722
2025-03-12 12:00:00+00:00,0.62867,0.62867,0.6278,0.62856,2295
2025-03-12 12:30:00+00:00,0.62858,0.63217,0.62834,0.6285,10402
2025-03-12 13:00:00+00:00,0.62851,0.63003,0.62846,0.62991,4803
2025-03-12 13:30:00+00:00,0.62992,0.63003,0.62845,0.62888,5670
2025-03-12 14:00:00+00:00,0.62887,0.6296,0.62868,0.62878,4124
2025-03-12 14:30:00+00:00,0.62878,0.6296,0.62806,0.62942,3170
2025-03-12 15:00:00+00:00,0.62946,0.63017,0.62918,0.63006,3076
2025-03-12 15:30:00+00:00,0.63009,0.63064,0.62998,0.63054,2603
2025-03-12 16:00:00+00:00,0.63052,0.63138,0.63048,0.63102,2403
2025-03-12 16:30:00+00:00,0.63101,0.63149,0.63082,0.63088,2094
2025-03-12 17:00:00+00:00,0.6309,0.63149,0.63071,0.63145,2609
2025-03-12 17:30:00+00:00,0.63142,0.63186,0.63082,0.63084,2327
2025-03-12 18:00:00+00:00,0.63085,0.63164,0.63082,0.63156,1656
2025-03-12 18:30:00+00:00,0.63158,0.63177,0.63128,0.63152,1900
2025-03-12 19:00:00+00:00,0.63148,0.63196,0.63121,0.63172,1978
2025-03-12 19:30:00+00:00,0.63176,0.63195,0.63146,0.63167,1861
2025-03-12 20:00:00+00:00,0.63168,0.63206,0.63166,0.63203,747
2025-03-12 20:30:00+00:00,0.63202,0.6323,0.63196,0.632,484
2025-03-12 21:00:00+00:00,0.63199,0.63201,0.63188,0.63192,65
2025-03-12 21:30:00+00:00,0.63192,0.63208,0.63188,0.63194,218
2025-03-12 22:00:00+00:00,0.63194,0.6325,0.63192,0.63243,341
2025-03-12 22:30:00+00:00,0.63244,0.63247,0.63224,0.63242,258
2025-03-12 23:00:00+00:00,0.63242,0.63281,0.63226,0.63229,843
2025-03-12 23:30:00+00:00,0.63229,0.63288,0.63228,0.63287,574
2025-03-13 00:00:00+00:00,0.63288,0.63338,0.63272,0.63292,1174
2025-03-13 00:30:00+00:00,0.63287,0.63292,0.6325,0.63272,1033
2025-03-13 01:00:00+00:00,0.6327,0.63304,0.63234,0.63262,1552
2025-03-13 01:30:00+00:00,0.63263,0.63268,0.63199,0.63226,2052
2025-03-13 02:00:00+00:00,0.63227,0.63279,0.6322,0.6323,1647
2025-03-13 02:30:00+00:00,0.63231,0.63248,0.63206,0.63234,1842
2025-03-13 03:00:00+00:00,0.63234,0.63237,0.63196,0.63203,1126
2025-03-13 03:30:00+00:00,0.63204,0.63206,0.63146,0.63146,969
2025-03-13 04:00:00+00:00,0.63146,0.63173,0.63134,0.63152,1121
2025-03-13 04:30:00+00:00,0.63153,0.63153,0.63079,0.63102,1196
2025-03-13 05:00:00+00:00,0.63102,0.63102,0.63058,0.63062,1354
2025-03-13 05:30:00+00:00,0.63062,0.63064,0.63002,0.63062,1673
2025-03-13 06:00:00+00:00,0.63062,0.63062,0.62942,0.6298,1972
2025-03-13 06:30:00+00:00,0.62978,0.62992,0.62931,0.62978,2063
2025-03-13 07:00:00+00:00,0.62978,0.63009,0.62963,0.62987,1905
2025-03-13 07:30:00+00:00,0.62988,0.6299,0.6288,0.62952,2553
2025-03-13 08:00:00+00:00,0.62952,0.63007,0.62915,0.63003,3469
2025-03-13 08:30:00+00:00,0.63002,0.63002,0.62902,0.62912,2251
2025-03-13 09:00:00+00:00,0.62912,0.62928,0.62886,0.62914,1849
2025-03-13 09:30:00+00:00,0.62916,0.62919,0.6285,0.62906,1729
2025-03-13 10:00:00+00:00,0.62906,0.62909,0.62884,0.62898,1665
2025-03-13 10:30:00+00:00,0.62898,0.62912,0.62865,0.62892,1815
2025-03-13 11:00:00+00:00,0.62892,0.62894,0.62837,0.6288,1900
2025-03-13 11:30:00+00:00,0.62882,0.62909,0.62836,0.62868,2167
2025-03-13 12:00:00+00:00,0.62864,0.62889,0.62813,0.62882,2774
2025-03-13 12:30:00+00:00,0.62882,0.63056,0.62718,0.62763,4826
2025-03-13 13:00:00+00:00,0.62763,0.62784,0.62692,0.62738,2965
2025-03-13 13:30:00+00:00,0.62739,0.6281,0.62726,0.62784,3518
2025-03-13 14:00:00+00:00,0.62779,0.62898,0.62772,0.62871,3595
2025-03-13 14:30:00+00:00,0.62874,0.6296,0.62868,0.62948,2880
2025-03-13 15:00:00+00:00,0.62949,0.62974,0.62888,0.62903,2588
2025-03-13 15:30:00+00:00,0.629,0.62968,0.62862,0.62875,3718
2025-03-13 16:00:00+00:00,0.62875,0.62922,0.62857,0.62906,2459
2025-03-13 16:30:00+00:00,0.6291,0.62958,0.62878,0.62902,2811
2025-03-13 17:00:00+00:00,0.62905,0.62908,0.6276,0.62777,2408
2025-03-13 17:30:00+00:00,0.62776,0.62805,0.62758,0.62767,1733
2025-03-13 18:00:00+00:00,0.62766,0.62864,0.62762,0.6286,2148
2025-03-13 18:30:00+00:00,0.6286,0.62877,0.62848,0.62864,1544
2025-03-13 19:00:00+00:00,0.62864,0.62886,0.62836,0.62864,2257
2025-03-13 19:30:00+00:00,0.62864,0.62878,0.62833,0.62836,1286
2025-03-13 20:00:00+00:00,0.62837,0.62858,0.62809,0.6281,515
2025-03-13 20:30:00+00:00,0.62809,0.62862,0.62799,0.62834,949
2025-03-13 21:00:00+00:00,0.62844,0.62851,0.62812,0.6282,143
2025-03-13 21:30:00+00:00,0.62821,0.62878,0.62805,0.62843,310
2025-03-13 22:00:00+00:00,0.62848,0.6286,0.62838,0.62841,400
2025-03-13 22:30:00+00:00,0.6284,0.62885,0.6284,0.62856,536
2025-03-13 23:00:00+00:00,0.6286,0.62896,0.62842,0.62878,918
2025-03-13 23:30:00+00:00,0.62878,0.62882,0.62848,0.6286,1024
2025-03-14 00:00:00+00:00,0.62858,0.62884,0.6278,0.6279,1532
2025-03-14 00:30:00+00:00,0.6279,0.62894,0.6278,0.62848,1904
2025-03-14 01:00:00+00:00,0.62849,0.6289,0.62834,0.62866,1921
2025-03-14 01:30:00+00:00,0.62866,0.62931,0.62846,0.6288,1977
2025-03-14 02:00:00+00:00,0.62882,0.62894,0.62841,0.62841,1880
2025-03-14 02:30:00+00:00,0.62844,0.62849,0.62803,0.62846,1494
2025-03-14 03:00:00+00:00,0.62847,0.62907,0.62844,0.62884,1566
2025-03-14 03:30:00+00:00,0.62883,0.6293,0.6288,0.6292,1745
2025-03-14 04:00:00+00:00,0.62919,0.6295,0.62877,0.62929,1223
2025-03-14 04:30:00+00:00,0.62928,0.62943,0.62901,0.6294,1061
2025-03-14 05:00:00+00:00,0.62938,0.62962,0.629,0.62928,1679
2025-03-14 05:30:00+00:00,0.62929,0.6296,0.62908,0.62952,1482
2025-03-14 06:00:00+00:00,0.62952,0.6298,0.62938,0.62942,1505
2025-03-14 06:30:00+00:00,0.62943,0.63009,0.62936,0.6296,1481
2025-03-14 07:00:00+00:00,0.6296,0.63029,0.62941,0.63026,1813
2025-03-14 07:30:00+00:00,0.63023,0.6306,0.62998,0.63038,2181
2025-03-14 08:00:00+00:00,0.63038,0.631,0.62999,0.63098,2008
2025-03-14 08:30:00+00:00,0.631,0.63108,0.63066,0.63102,1632
2025-03-14 09:00:00+00:00,0.63102,0.63104,0.6302,0.63026,1592
2025-03-14 09:30:00+00:00,0.63026,0.63071,0.63012,0.63018,1780
2025-03-14 10:00:00+00:00,0.63019,0.63071,0.63006,0.6303,1544
2025-03-14 10:30:00+00:00,0.63028,0.63091,0.62982,0.63038,3933
2025-03-14 11:00:00+00:00,0.6304,0.63082,0.63015,0.63082,2333
2025-03-14 11:30:00+00:00,0.63081,0.63101,0.63044,0.63059,2397
2025-03-14 12:00:00+00:00,0.63058,0.63202,0.63058,0.63193,2131
2025-03-14 12:30:00+00:00,0.63196,0.63254,0.6318,0.63209,1926
2025-03-14 13:00:00+00:00,0.63208,0.63215,0.63156,0.63175,1925
2025-03-14 13:30:00+00:00,0.63173,0.63226,0.63152,0.63198,3302
2025-03-14 14:00:00+00:00,0.63188,0.6322,0.63136,0.63155,4581
2025-03-14 14:30:00+00:00,0.63153,0.63226,0.63124,0.63218,2969
2025-03-14 15:00:00+00:00,0.63218,0.63256,0.63173,0.6322,2265
2025-03-14 15:30:00+00:00,0.63222,0.63232,0.63169,0.63172,3085
2025-03-14 16:00:00+00:00,0.6317,0.63231,0.63155,0.63156,1752
2025-03-14 16:30:00+00:00,0.63158,0.63248,0.63152,0.63241,1729
2025-03-14 17:00:00+00:00,0.63241,0.63265,0.63229,0.6326,1405
2025-03-14 17:30:00+00:00,0.6326,0.63265,0.63202,0.63224,1412
2025-03-14 18:00:00+00:00,0.63224,0.63245,0.63221,0.63224,1286
2025-03-14 18:30:00+00:00,0.63224,0.63262,0.6322,0.63234,1654
2025-03-14 19:00:00+00:00,0.63234,0.6325,0.6322,0.63226,729
2025-03-14 19:30:00+00:00,0.63229,0.63277,0.63222,0.63265,1084
2025-03-14 20:00:00+00:00,0.63264,0.633,0.63243,0.633,845
2025-03-14 20:30:00+00:00,0.63299,0.63314,0.63253,0.63268,1409
2025-03-16 21:00:00+00:00,0.63203,0.63242,0.63202,0.63241,87
2025-03-16 21:30:00+00:00,0.63243,0.63288,0.63242,0.63262,156
2025-03-16 22:00:00+00:00,0.63261,0.63338,0.63261,0.63311,703
2025-03-16 22:30:00+00:00,0.6331,0.63316,0.63262,0.63265,720
2025-03-16 23:00:00+00:00,0.63266,0.63306,0.63253,0.63287,815
2025-03-16 23:30:00+00:00,0.63286,0.63295,0.6325,0.63253,686
2025-03-17 00:00:00+00:00,0.63252,0.6328,0.6322,0.63274,827
2025-03-17 00:30:00+00:00,0.63278,0.63314,0.63258,0.63296,1034
2025-03-17 01:00:00+00:00,0.63294,0.63356,0.63268,0.63352,1214
2025-03-17 01:30:00+00:00,0.63353,0.63383,0.63309,0.63332,1891
2025-03-17 02:00:00+00:00,0.63328,0.63353,0.63306,0.63323,1261
2025-03-17 02:30:00+00:00,0.63324,0.63328,0.63302,0.6331,1147
2025-03-17 03:00:00+00:00,0.6331,0.6331,0.6326,0.63264,881
2025-03-17 03:30:00+00:00,0.63264,0.63294,0.63256,0.63284,650
2025-03-17 04:00:00+00:00,0.63285,0.63328,0.63238,0.63247,1220
2025-03-17 04:30:00+00:00,0.63246,0.63274,0.6324,0.63258,919
2025-03-17 05:00:00+00:00,0.63258,0.63281,0.63212,0.63248,1219
2025-03-17 05:30:00+00:00,0.63248,0.63298,0.6323,0.63286,1126
2025-03-17 06:00:00+00:00,0.63285,0.63302,0.63256,0.63282,1008
2025-03-17 06:30:00+00:00,0.63285,0.63318,0.6327,0.63314,999
2025-03-17 07:00:00+00:00,0.63312,0.63373,0.6331,0.63356,1698
2025-03-17 07:30:00+00:00,0.63356,0.63389,0.63306,0.6338,1647
2025-03-17 08:00:00+00:00,0.63379,0.63412,0.63362,0.63376,1877
2025-03-17 08:30:00+00:00,0.63375,0.63424,0.63362,0.63404,1531
2025-03-17 09:00:00+00:00,0.63407,0.63446,0.63386,0.6344,1539
2025-03-17 09:30:00+00:00,0.63441,0.63474,0.6341,0.63469,1365
2025-03-17 10:00:00+00:00,0.63468,0.63514,0.63467,0.63514,1276
2025-03-17 10:30:00+00:00,0.63514,0.63538,0.63487,0.63488,1114
2025-03-17 11:00:00+00:00,0.63488,0.63508,0.63476,0.63498,1081
2025-03-17 11:30:00+00:00,0.63499,0.6352,0.6349,0.63506,1301
2025-03-17 12:00:00+00:00,0.63508,0.63522,0.63456,0.63482,1509
2025-03-17 12:30:00+00:00,0.63481,0.63525,0.63419,0.63468,4088
2025-03-17 13:00:00+00:00,0.63468,0.63552,0.63468,0.63526,2291
2025-03-17 13:30:00+00:00,0.63527,0.63596,0.63526,0.63562,2453
2025-03-17 14:00:00+00:00,0.63563,0.6361,0.63556,0.63602,2762
2025-03-17 14:30:00+00:00,0.63602,0.63639,0.63558,0.63619,2214
2025-03-17 15:00:00+00:00,0.63618,0.63743,0.63618,0.63724,1924
2025-03-17 15:30:00+00:00,0.63725,0.63747,0.63696,0.63734,2207
2025-03-17 16:00:00+00:00,0.63733,0.638,0.63716,0.63788,1712
2025-03-17 16:30:00+00:00,0.63786,0.63812,0.63781,0.63797,1125
2025-03-17 17:00:00+00:00,0.63796,0.6383,0.63786,0.63815,909
2025-03-17 17:30:00+00:00,0.63818,0.63881,0.63814,0.63851,843
2025-03-17 18:00:00+00:00,0.6385,0.63892,0.63843,0.63888,1086
2025-03-17 18:30:00+00:00,0.63888,0.6391,0.63874,0.63908,708
2025-03-17 19:00:00+00:00,0.63906,0.63909,0.63863,0.6387,663
2025-03-17 19:30:00+00:00,0.6387,0.6388,0.6385,0.6386,986
2025-03-17 20:00:00+00:00,0.63862,0.63878,0.63848,0.63878,404
2025-03-17 20:30:00+00:00,0.63878,0.63882,0.63832,0.63848,1278
2025-03-17 21:00:00+00:00,0.63836,0.63847,0.6383,0.63847,86
2025-03-17 21:30:00+00:00,0.63847,0.63854,0.63831,0.63836,181
2025-03-17 22:00:00+00:00,0.63836,0.63863,0.63833,0.63852,351
2025-03-17 22:30:00+00:00,0.6385,0.63874,0.63844,0.63856,359
2025-03-17 23:00:00+00:00,0.63856,0.63865,0.63813,0.63824,661
2025-03-17 23:30:00+00:00,0.63826,0.63864,0.63806,0.63806,535
2025-03-18 00:00:00+00:00,0.63811,0.63844,0.63802,0.63836,1102
2025-03-18 00:30:00+00:00,0.63834,0.63846,0.63795,0.63812,1106
2025-03-18 01:00:00+00:00,0.63812,0.63885,0.63804,0.63868,1150
2025-03-18 01:30:00+00:00,0.6387,0.63878,0.6382,0.63823,1221
2025-03-18 02:00:00+00:00,0.63822,0.6384,0.63786,0.6379,1310
2025-03-18 02:30:00+00:00,0.6379,0.638,0.63766,0.63768,824
2025-03-18 03:00:00+00:00,0.63768,0.63769,0.63673,0.63685,1006
2025-03-18 03:30:00+00:00,0.63684,0.63702,0.63674,0.63694,717
2025-03-18 04:00:00+00:00,0.63695,0.63723,0.63688,0.63722,519
2025-03-18 04:30:00+00:00,0.63724,0.63744,0.63712,0.63742,871
2025-03-18 05:00:00+00:00,0.63745,0.63766,0.63724,0.63743,471
2025-03-18 05:30:00+00:00,0.6374,0.63747,0.63698,0.63728,596
2025-03-18 06:00:00+00:00,0.63728,0.6374,0.63668,0.6368,859
2025-03-18 06:30:00+00:00,0.6368,0.63773,0.63678,0.63767,1040
2025-03-18 07:00:00+00:00,0.63766,0.63811,0.63758,0.63809,906
2025-03-18 07:30:00+00:00,0.63812,0.6386,0.63792,0.63806,1227
2025-03-18 08:00:00+00:00,0.63808,0.63884,0.63804,0.63878,1564
2025-03-18 08:30:00+00:00,0.63874,0.63909,0.63866,0.63877,1089
2025-03-18 09:00:00+00:00,0.63881,0.63886,0.63812,0.63826,1022
2025-03-18 09:30:00+00:00,0.63826,0.63851,0.63802,0.63804,785
2025-03-18 10:00:00+00:00,0.63803,0.63816,0.63718,0.63719,1323
2025-03-18 10:30:00+00:00,0.63719,0.63746,0.63707,0.63708,924
2025-03-18 11:00:00+00:00,0.6371,0.63738,0.63698,0.63698,1052
2025-03-18 11:30:00+00:00,0.63698,0.63708,0.6365,0.63683,1151
2025-03-18 12:00:00+00:00,0.63684,0.63722,0.63672,0.63722,1065
2025-03-18 12:30:00+00:00,0.6372,0.63726,0.63622,0.63649,2062
2025-03-18 13:00:00+00:00,0.6365,0.63695,0.63636,0.63686,1549
2025-03-18 13:30:00+00:00,0.63688,0.63693,0.63552,0.63608,2350
2025-03-18 14:00:00+00:00,0.63608,0.63609,0.63508,0.63544,2163
2025-03-18 14:30:00+00:00,0.63542,0.63549,0.63484,0.63498,1878
2025-03-18 15:00:00+00:00,0.635,0.63536,0.6344,0.63521,2183
2025-03-18 15:30:00+00:00,0.63518,0.63584,0.63512,0.63546,2000
2025-03-18 16:00:00+00:00,0.63545,0.63604,0.63531,0.63602,1483
2025-03-18 16:30:00+00:00,0.63602,0.63623,0.63556,0.63587,1765
2025-03-18 17:00:00+00:00,0.63586,0.63637,0.63568,0.6363,1972
2025-03-18 17:30:00+00:00,0.6363,0.6363,0.6359,0.63622,1200
2025-03-18 18:00:00+00:00,0.63621,0.63626,0.63558,0.63575,916
2025-03-18 18:30:00+00:00,0.63576,0.63623,0.63575,0.6361,1358
2025-03-18 19:00:00+00:00,0.6361,0.63643,0.6359,0.63642,932
2025-03-18 19:30:00+00:00,0.63643,0.63643,0.63604,0.63621,727
2025-03-18 20:00:00+00:00,0.63623,0.63632,0.63617,0.63618,538
2025-03-18 20:30:00+00:00,0.63616,0.6362,0.63606,0.6361,584
2025-03-18 21:00:00+00:00,0.63617,0.63619,0.63614,0.63616,21
2025-03-18 21:30:00+00:00,0.63613,0.63626,0.63587,0.63602,224
2025-03-18 22:00:00+00:00,0.63597,0.6363,0.63596,0.63604,336
2025-03-18 22:30:00+00:00,0.63604,0.63616,0.63582,0.63614,220
2025-03-18 23:00:00+00:00,0.63616,0.63634,0.63592,0.63599,409
2025-03-18 23:30:00+00:00,0.636,0.63634,0.63598,0.63614,466
2025-03-19 00:00:00+00:00,0.63614,0.6363,0.6359,0.63624,896
2025-03-19 00:30:00+00:00,0.63624,0.63651,0.63606,0.63618,1083
2025-03-19 01:00:00+00:00,0.63617,0.63624,0.63592,0.63616,900
2025-03-19 01:30:00+00:00,0.63617,0.63624,0.6359,0.6361,1237
2025-03-19 02:00:00+00:00,0.63609,0.63644,0.63599,0.63622,1214
2025-03-19 02:30:00+00:00,0.63623,0.63666,0.63622,0.63638,786
2025-03-19 03:00:00+00:00,0.63639,0.63656,0.6358,0.63584,713
2025-03-19 03:30:00+00:00,0.63584,0.63614,0.63575,0.63597,782
2025-03-19 04:00:00+00:00,0.63596,0.63606,0.6357,0.63574,784
2025-03-19 04:30:00+00:00,0.63575,0.63581,0.63554,0.63562,766
2025-03-19 05:00:00+00:00,0.63562,0.63609,0.6356,0.63586,759
2025-03-19 05:30:00+00:00,0.63586,0.63604,0.63578,0.63578,748
2025-03-19 06:00:00+00:00,0.63578,0.63592,0.63544,0.63582,905
2025-03-19 06:30:00+00:00,0.63582,0.63606,0.63478,0.63488,1466
2025-03-19 07:00:00+00:00,0.63489,0.63494,0.63406,0.63444,2373
2025-03-19 07:30:00+00:00,0.63444,0.6347,0.63272,0.6331,3868
2025-03-19 08:00:00+00:00,0.63309,0.63406,0.63306,0.63398,2789
2025-03-19 08:30:00+00:00,0.63398,0.63408,0.63246,0.63274,1765
2025-03-19 09:00:00+00:00,0.63273,0.63286,0.63214,0.6324,1455
2025-03-19 09:30:00+00:00,0.6324,0.63336,0.63239,0.6332,1626
2025-03-19 10:00:00+00:00,0.63318,0.63325,0.6325,0.63292,1471
2025-03-19 10:30:00+00:00,0.63294,0.63315,0.6327,0.63307,964
2025-03-19 11:00:00+00:00,0.63304,0.63334,0.63284,0.63318,1194
2025-03-19 11:30:00+00:00,0.6332,0.63387,0.63318,0.6336,1748
2025-03-19 12:00:00+00:00,0.63359,0.63377,0.63342,0.63355,1882
2025-03-19 12:30:00+00:00,0.63354,0.63395,0.63324,0.63338,1913
2025-03-19 13:00:00+00:00,0.63336,0.63348,0.63277,0.63292,2041
2025-03-19 13:30:00+00:00,0.63292,0.63299,0.63229,0.63262,2465
2025-03-19 14:00:00+00:00,0.63261,0.63342,0.6325,0.63315,1907
2025-03-19 14:30:00+00:00,0.63318,0.63356,0.63296,0.63301,1543
2025-03-19 15:00:00+00:00,0.633,0.63332,0.63295,0.63316,1836
2025-03-19 15:30:00+00:00,0.63317,0.63332,0.63282,0.63302,1633
2025-03-19 16:00:00+00:00,0.63302,0.63357,0.633,0.63346,1376
2025-03-19 16:30:00+00:00,0.63344,0.63344,0.63314,0.63319,927
2025-03-19 17:00:00+00:00,0.63319,0.63323,0.6323,0.63232,928
2025-03-19 17:30:00+00:00,0.63229,0.63254,0.63214,0.63254,1066
2025-03-19 18:00:00+00:00,0.6325,0.63429,0.63206,0.6338,5822
2025-03-19 18:30:00+00:00,0.6338,0.63586,0.63378,0.63582,4819
2025-03-19 19:00:00+00:00,0.63579,0.63634,0.63428,0.63442,3857
2025-03-19 19:30:00+00:00,0.6344,0.63538,0.6343,0.63501,2428
2025-03-19 20:00:00+00:00,0.63499,0.63558,0.63495,0.63531,766
2025-03-19 20:30:00+00:00,0.63532,0.63585,0.63526,0.63576,816
2025-03-19 21:00:00+00:00,0.63572,0.63572,0.63562,0.6357,120
2025-03-19 21:30:00+00:00,0.6357,0.63597,0.63558,0.63582,299
2025-03-19 22:00:00+00:00,0.63584,0.63636,0.63578,0.63621,471
2025-03-19 22:30:00+00:00,0.63622,0.63624,0.63578,0.63578,346
2025-03-19 23:00:00+00:00,0.6358,0.63596,0.63558,0.63584,686
2025-03-19 23:30:00+00:00,0.63584,0.63639,0.63568,0.63634,846
2025-03-20 00:00:00+00:00,0.63633,0.63636,0.63548,0.63566,1100
2025-03-20 00:30:00+00:00,0.63565,0.63565,0.63288,0.63434,3435
2025-03-20 01:00:00+00:00,0.63434,0.63448,0.63286,0.63346,2506
2025-03-20 01:30:00+00:00,0.6335,0.63384,0.63334,0.6335,1836
2025-03-20 02:00:00+00:00,0.6335,0.63426,0.6334,0.63418,2051
2025-03-20 02:30:00+00:00,0.63419,0.63452,0.63368,0.63372,1502
2025-03-20 03:00:00+00:00,0.63376,0.63446,0.63352,0.63446,1131
2025-03-20 03:30:00+00:00,0.63444,0.63485,0.63436,0.63451,1319
2025-03-20 04:00:00+00:00,0.6345,0.63458,0.63407,0.63454,1063
2025-03-20 04:30:00+00:00,0.63453,0.63478,0.63423,0.6344,1069
2025-03-20 05:00:00+00:00,0.63437,0.63438,0.63384,0.63396,1004
2025-03-20 05:30:00+00:00,0.63397,0.63397,0.63342,0.63386,1066
2025-03-20 06:00:00+00:00,0.63385,0.63417,0.63364,0.63367,1331
2025-03-20 06:30:00+00:00,0.63364,0.6338,0.633,0.63312,1291
2025-03-20 07:00:00+00:00,0.63312,0.63312,0.63131,0.6319,2273
2025-03-20 07:30:00+00:00,0.63188,0.63212,0.63146,0.63208,2047
2025-03-20 08:00:00+00:00,0.63209,0.6324,0.63118,0.63126,1967
2025-03-20 08:30:00+00:00,0.63122,0.63154,0.63084,0.63112,2186
2025-03-20 09:00:00+00:00,0.63112,0.63136,0.62996,0.62998,2621
2025-03-20 09:30:00+00:00,0.62998,0.6301,0.62905,0.6294,1799
2025-03-20 10:00:00+00:00,0.6294,0.62964,0.62828,0.62865,2665
2025-03-20 10:30:00+00:00,0.62864,0.62904,0.62846,0.62899,1945
2025-03-20 11:00:00+00:00,0.62901,0.62908,0.62864,0.62868,1468
2025-03-20 11:30:00+00:00,0.62866,0.62916,0.6286,0.62874,1471
2025-03-20 12:00:00+00:00,0.62872,0.62898,0.62843,0.62863,1673
2025-03-20 12:30:00+00:00,0.62864,0.62904,0.62837,0.6286,2030
2025-03-20 13:00:00+00:00,0.62856,0.62875,0.62738,0.62742,1741
2025-03-20 13:30:00+00:00,0.62742,0.6282,0.62712,0.6281,2779
2025-03-20 14:00:00+00:00,0.62806,0.6291,0.628,0.62847,2939
2025-03-20 14:30:00+00:00,0.62848,0.62915,0.62841,0.62902,2359
2025-03-20 15:00:00+00:00,0.62902,0.62967,0.62879,0.62962,1507
2025-03-20 15:30:00+00:00,0.62963,0.63,0.62884,0.62996,2428
2025-03-20 16:00:00+00:00,0.62994,0.63022,0.62936,0.6294,2368
2025-03-20 16:30:00+00:00,0.62942,0.62958,0.62924,0.62932,1623
2025-03-20 17:00:00+00:00,0.62932,0.62962,0.62902,0.62907,1551
2025-03-20 17:30:00+00:00,0.62907,0.62965,0.62904,0.62949,1048
2025-03-20 18:00:00+00:00,0.62948,0.63012,0.62941,0.63,845
2025-03-20 18:30:00+00:00,0.63,0.63032,0.62982,0.63011,1110
2025-03-20 19:00:00+00:00,0.63013,0.63058,0.63007,0.6303,1109
2025-03-20 19:30:00+00:00,0.63031,0.6306,0.6302,0.6305,1258
2025-03-20 20:00:00+00:00,0.63052,0.63054,0.63034,0.63048,544
2025-03-20 20:30:00+00:00,0.63048,0.63055,0.63014,0.6303,352
2025-03-20 21:00:00+00:00,0.62996,0.63021,0.62989,0.63,183
2025-03-20 21:30:00+00:00,0.63,0.63019,0.62994,0.62996,167
2025-03-20 22:00:00+00:00,0.62994,0.6304,0.62992,0.6304,386
2025-03-20 22:30:00+00:00,0.63038,0.63046,0.6301,0.63012,249
2025-03-20 23:00:00+00:00,0.63012,0.63034,0.63,0.6301,433
2025-03-20 23:30:00+00:00,0.63012,0.63041,0.62998,0.63022,518
2025-03-21 00:00:00+00:00,0.63022,0.6305,0.62992,0.63004,1027
2025-03-21 00:30:00+00:00,0.63003,0.63063,0.63,0.63024,1089
2025-03-21 01:00:00+00:00,0.63024,0.63024,0.62953,0.62989,1161
2025-03-21 01:30:00+00:00,0.6299,0.63038,0.62948,0.62993,1481
2025-03-21 02:00:00+00:00,0.62994,0.63018,0.62932,0.62962,1300
2025-03-21 02:30:00+00:00,0.62966,0.62976,0.62922,0.62924,1006
2025-03-21 03:00:00+00:00,0.62923,0.62958,0.62892,0.62894,1035
2025-03-21 03:30:00+00:00,0.62894,0.62946,0.62862,0.62919,885
2025-03-21 04:00:00+00:00,0.62918,0.62946,0.62908,0.62916,611
2025-03-21 04:30:00+00:00,0.62918,0.62926,0.62872,0.62892,549
2025-03-21 05:00:00+00:00,0.62889,0.62916,0.62872,0.62894,649
2025-03-21 05:30:00+00:00,0.62897,0.62902,0.62844,0.62892,759
2025-03-21 06:00:00+00:00,0.62894,0.62943,0.62882,0.62936,859
2025-03-21 06:30:00+00:00,0.62936,0.6297,0.62912,0.62953,818
2025-03-21 07:00:00+00:00,0.62952,0.63008,0.62927,0.62943,1634
2025-03-21 07:30:00+00:00,0.62943,0.62966,0.62908,0.62956,1729
2025-03-21 08:00:00+00:00,0.62952,0.62988,0.6287,0.62889,2058
2025-03-21 08:30:00+00:00,0.62888,0.62926,0.62877,0.62924,1806
2025-03-21 09:00:00+00:00,0.62924,0.62944,0.62889,0.62919,1719
2025-03-21 09:30:00+00:00,0.62916,0.62919,0.6284,0.62849,1411
2025-03-21 10:00:00+00:00,0.62852,0.62909,0.62852,0.6287,1412
2025-03-21 10:30:00+00:00,0.62872,0.62899,0.6286,0.62896,1293
2025-03-21 11:00:00+00:00,0.62896,0.62919,0.6288,0.62908,1118
2025-03-21 11:30:00+00:00,0.62908,0.62936,0.6289,0.62926,1340
2025-03-21 12:00:00+00:00,0.62926,0.62988,0.62918,0.62919,1690
2025-03-21 12:30:00+00:00,0.62919,0.62932,0.6285,0.62851,1854
2025-03-21 13:00:00+00:00,0.6285,0.6285,0.62734,0.62766,1602
2025-03-21 13:30:00+00:00,0.62766,0.62788,0.62712,0.62752,2927
2025-03-21 14:00:00+00:00,0.62754,0.62782,0.62711,0.62758,2230
2025-03-21 14:30:00+00:00,0.62756,0.62777,0.62732,0.62769,2004
2025-03-21 15:00:00+00:00,0.62768,0.6279,0.62714,0.62728,1759
2025-03-21 15:30:00+00:00,0.62724,0.62732,0.6258,0.62638,2560
2025-03-21 16:00:00+00:00,0.62634,0.62738,0.62604,0.62706,2690
2025-03-21 16:30:00+00:00,0.62705,0.6275,0.627,0.62748,1251
2025-03-21 17:00:00+00:00,0.62748,0.62753,0.62704,0.62724,1038
2025-03-21 17:30:00+00:00,0.6272,0.62795,0.62715,0.62751,1143
2025-03-21 18:00:00+00:00,0.62751,0.62765,0.62726,0.62758,997
2025-03-21 18:30:00+00:00,0.6276,0.62784,0.62744,0.62754,698
2025-03-21 19:00:00+00:00,0.62756,0.62758,0.62722,0.62729,678
2025-03-21 19:30:00+00:00,0.62726,0.62756,0.62714,0.62751,453
2025-03-21 20:00:00+00:00,0.6275,0.6275,0.62724,0.62733,293
2025-03-21 20:30:00+00:00,0.62736,0.62738,0.62707,0.62728,846
2025-03-23 21:00:00+00:00,0.62733,0.62747,0.62719,0.62726,108
2025-03-23 21:30:00+00:00,0.62728,0.62746,0.62702,0.6274,293
2025-03-23 22:00:00+00:00,0.62735,0.6287,0.62722,0.62846,687
2025-03-23 22:30:00+00:00,0.62844,0.62848,0.62782,0.62784,663
2025-03-23 23:00:00+00:00,0.62785,0.62826,0.62772,0.62814,928
2025-03-23 23:30:00+00:00,0.62814,0.6289,0.62806,0.62889,826
2025-03-24 00:00:00+00:00,0.6289,0.62952,0.62854,0.62936,1008
2025-03-24 00:30:00+00:00,0.62936,0.62936,0.62882,0.62929,985
2025-03-24 01:00:00+00:00,0.62928,0.62935,0.6286,0.62864,1590
2025-03-24 01:30:00+00:00,0.62864,0.6288,0.62819,0.6284,1798
2025-03-24 02:00:00+00:00,0.62842,0.6289,0.62834,0.6286,1667
2025-03-24 02:30:00+00:00,0.62858,0.6286,0.6279,0.62796,1343
2025-03-24 03:00:00+00:00,0.62795,0.62861,0.62792,0.62818,1059
2025-03-24 03:30:00+00:00,0.62815,0.6282,0.62755,0.6277,1432
2025-03-24 04:00:00+00:00,0.62769,0.62772,0.62726,0.62738,1038
2025-03-24 04:30:00+00:00,0.62738,0.62798,0.62738,0.62788,487
2025-03-24 05:00:00+00:00,0.62788,0.6279,0.62748,0.62783,1231
2025-03-24 05:30:00+00:00,0.62786,0.62816,0.62779,0.62806,916
2025-03-24 06:00:00+00:00,0.6281,0.62898,0.62806,0.6286,1376
2025-03-24 06:30:00+00:00,0.62858,0.62904,0.62855,0.62878,1306
2025-03-24 07:00:00+00:00,0.62877,0.6295,0.62874,0.62933,1312
2025-03-24 07:30:00+00:00,0.62932,0.62938,0.62884,0.62916,1269
2025-03-24 08:00:00+00:00,0.62917,0.62994,0.62917,0.62986,1439
2025-03-24 08:30:00+00:00,0.62986,0.6299,0.62932,0.62951,1411
2025-03-24 09:00:00+00:00,0.62952,0.62967,0.62933,0.6295,1224
2025-03-24 09:30:00+00:00,0.6295,0.62994,0.62928,0.62972,1054
2025-03-24 10:00:00+00:00,0.62976,0.63031,0.6296,0.6303,939
2025-03-24 10:30:00+00:00,0.63031,0.63054,0.63002,0.63007,941
2025-03-24 11:00:00+00:00,0.63008,0.63018,0.62986,0.62991,881
2025-03-24 11:30:00+00:00,0.62992,0.62996,0.62929,0.6293,1076
2025-03-24 12:00:00+00:00,0.62926,0.62944,0.62846,0.62873,1000
2025-03-24 12:30:00+00:00,0.62872,0.62881,0.6282,0.62851,1173
2025-03-24 13:00:00+00:00,0.6285,0.62894,0.62833,0.62894,974
2025-03-24 13:30:00+00:00,0.62894,0.62923,0.628,0.62804,2539
2025-03-24 14:00:00+00:00,0.62804,0.62978,0.62792,0.6294,2392
2025-03-24 14:30:00+00:00,0.62938,0.62938,0.62847,0.62881,2038
2025-03-24 15:00:00+00:00,0.62882,0.62885,0.6283,0.62844,1509
2025-03-24 15:30:00+00:00,0.62844,0.62892,0.62787,0.62788,1560
2025-03-24 16:00:00+00:00,0.62788,0.62838,0.62762,0.62762,1481
2025-03-24 16:30:00+00:00,0.6276,0.62785,0.62677,0.62717,1719
2025-03-24 17:00:00+00:00,0.62716,0.62744,0.62696,0.62743,1265
2025-03-24 17:30:00+00:00,0.62743,0.62748,0.62688,0.62731,1114
2025-03-24 18:00:00+00:00,0.6273,0.62733,0.62698,0.62712,1002
2025-03-24 18:30:00+00:00,0.62712,0.62888,0.62708,0.62834,2574
2025-03-24 19:00:00+00:00,0.62838,0.62865,0.62828,0.6283,1159
2025-03-24 19:30:00+00:00,0.6283,0.62842,0.62804,0.62826,938
2025-03-24 20:00:00+00:00,0.62826,0.6288,0.62822,0.62867,290
2025-03-24 20:30:00+00:00,0.62866,0.62874,0.62854,0.6286,493
2025-03-24 21:00:00+00:00,0.62858,0.6286,0.62846,0.62854,115
2025-03-24 21:30:00+00:00,0.62854,0.62858,0.62844,0.62845,100
2025-03-24 22:00:00+00:00,0.62833,0.62866,0.6281,0.62833,440
2025-03-24 22:30:00+00:00,0.62834,0.62844,0.6283,0.62834,451
2025-03-24 23:00:00+00:00,0.62833,0.62852,0.6283,0.6285,303
2025-03-24 23:30:00+00:00,0.6285,0.62876,0.62836,0.6287,401
2025-03-25 00:00:00+00:00,0.62868,0.62875,0.62804,0.62804,859
2025-03-25 00:30:00+00:00,0.62804,0.62856,0.62802,0.62844,860
2025-03-25 01:00:00+00:00,0.62844,0.6295,0.62838,0.62922,1249
2025-03-25 01:30:00+00:00,0.6292,0.62946,0.62878,0.62896,1460
2025-03-25 02:00:00+00:00,0.62896,0.62906,0.6285,0.62865,1159
2025-03-25 02:30:00+00:00,0.62864,0.62884,0.62833,0.62863,1297
2025-03-25 03:00:00+00:00,0.62862,0.62886,0.62838,0.6284,849
2025-03-25 03:30:00+00:00,0.62841,0.62891,0.62832,0.62888,719
2025-03-25 04:00:00+00:00,0.6289,0.62905,0.62874,0.62887,629
2025-03-25 04:30:00+00:00,0.62888,0.62899,0.62854,0.62866,667
2025-03-25 05:00:00+00:00,0.62864,0.62932,0.62858,0.6293,740
2025-03-25 05:30:00+00:00,0.62926,0.62928,0.62894,0.62911,587
2025-03-25 06:00:00+00:00,0.62912,0.62912,0.6287,0.6287,694
2025-03-25 06:30:00+00:00,0.6287,0.6288,0.62848,0.62867,776
2025-03-25 07:00:00+00:00,0.62868,0.62902,0.6283,0.6283,1383
2025-03-25 07:30:00+00:00,0.62831,0.62865,0.62792,0.62832,1378
2025-03-25 08:00:00+00:00,0.62831,0.62849,0.62786,0.62809,1912
2025-03-25 08:30:00+00:00,0.6281,0.62875,0.62806,0.6284,1651
2025-03-25 09:00:00+00:00,0.62841,0.62936,0.62834,0.62922,1482
2025-03-25 09:30:00+00:00,0.6292,0.62997,0.62912,0.62982,1290
2025-03-25 10:00:00+00:00,0.62979,0.6308,0.62975,0.63068,1741
2025-03-25 10:30:00+00:00,0.6307,0.6317,0.63054,0.63167,1468
2025-03-25 11:00:00+00:00,0.63166,0.63197,0.63134,0.63196,2112
2025-03-25 11:30:00+00:00,0.63196,0.63228,0.63168,0.63178,1065
2025-03-25 12:00:00+00:00,0.63176,0.63207,0.63166,0.63196,1573
2025-03-25 12:30:00+00:00,0.63196,0.6324,0.63176,0.63199,1391
2025-03-25 13:00:00+00:00,0.632,0.63234,0.63198,0.63206,1542
2025-03-25 13:30:00+00:00,0.63207,0.63256,0.63172,0.63176,2103
2025-03-25 14:00:00+00:00,0.63179,0.63207,0.6304,0.63108,2795
2025-03-25 14:30:00+00:00,0.63107,0.6319,0.63089,0.63136,1619
2025-03-25 15:00:00+00:00,0.63136,0.63143,0.63082,0.63117,1420
2025-03-25 15:30:00+00:00,0.63118,0.63132,0.6305,0.63074,1777
2025-03-25 16:00:00+00:00,0.63074,0.63092,0.63054,0.6307,1304
2025-03-25 16:30:00+00:00,0.63071,0.6308,0.63043,0.63051,717
2025-03-25 17:00:00+00:00,0.6305,0.63105,0.6303,0.6303,1001
2025-03-25 17:30:00+00:00,0.63034,0.63063,0.6303,0.6306,786
2025-03-25 18:00:00+00:00,0.63058,0.6306,0.63022,0.6303,799
2025-03-25 18:30:00+00:00,0.63031,0.63041,0.62979,0.62986,824
2025-03-25 19:00:00+00:00,0.62987,0.63009,0.62961,0.62969,1126
2025-03-25 19:30:00+00:00,0.62968,0.63022,0.62968,0.63012,703
2025-03-25 20:00:00+00:00,0.63009,0.6302,0.62994,0.63004,210
2025-03-25 20:30:00+00:00,0.63002,0.63046,0.62992,0.63034,614
2025-03-25 21:00:00+00:00,0.63026,0.63058,0.62996,0.63022,538
2025-03-25 21:30:00+00:00,0.63024,0.63044,0.63022,0.63038,185
2025-03-25 22:00:00+00:00,0.6304,0.63055,0.63017,0.63032,327
2025-03-25 22:30:00+00:00,0.63033,0.63036,0.6301,0.6303,499
2025-03-25 23:00:00+00:00,0.6303,0.6304,0.63016,0.6304,330
2025-03-25 23:30:00+00:00,0.63038,0.6307,0.63036,0.6307,376
2025-03-26 00:00:00+00:00,0.63068,0.63093,0.63043,0.63044,745
2025-03-26 00:30:00+00:00,0.63046,0.63059,0.62891,0.62894,1819
2025-03-26 01:00:00+00:00,0.62894,0.62962,0.62785,0.62946,2361
2025-03-26 01:30:00+00:00,0.62948,0.63038,0.6293,0.63021,2053
2025-03-26 02:00:00+00:00,0.6302,0.63032,0.62976,0.63031,1122
2025-03-26 02:30:00+00:00,0.6303,0.6309,0.63014,0.63082,1280
2025-03-26 03:00:00+00:00,0.6308,0.63108,0.63068,0.63085,1492
2025-03-26 03:30:00+00:00,0.63086,0.63113,0.63058,0.63087,1175
2025-03-26 04:00:00+00:00,0.63088,0.63106,0.6305,0.63097,970
2025-03-26 04:30:00+00:00,0.63098,0.6311,0.63074,0.63106,706
2025-03-26 05:00:00+00:00,0.63108,0.63108,0.63058,0.63098,1162
2025-03-26 05:30:00+00:00,0.63098,0.63152,0.63092,0.63118,1499
2025-03-26 06:00:00+00:00,0.63122,0.63186,0.63122,0.63175,1355
2025-03-26 06:30:00+00:00,0.63176,0.63194,0.63155,0.63182,1149
2025-03-26 07:00:00+00:00,0.63182,0.63234,0.6316,0.63217,2140
2025-03-26 07:30:00+00:00,0.63216,0.63226,0.63182,0.63184,1509
2025-03-26 08:00:00+00:00,0.63188,0.63215,0.6314,0.6317,2123
2025-03-26 08:30:00+00:00,0.63165,0.63226,0.63155,0.63222,1633
2025-03-26 09:00:00+00:00,0.63222,0.63258,0.63203,0.63248,1203
2025-03-26 09:30:00+00:00,0.63246,0.63292,0.63236,0.63236,1141
2025-03-26 10:00:00+00:00,0.63237,0.63307,0.63224,0.63282,1103
2025-03-26 10:30:00+00:00,0.63281,0.63288,0.6326,0.63274,1259
2025-03-26 11:00:00+00:00,0.63274,0.63296,0.63258,0.63258,1173
2025-03-26 11:30:00+00:00,0.63256,0.63282,0.63206,0.6321,1164
2025-03-26 12:00:00+00:00,0.63209,0.63209,0.63132,0.63184,1300
2025-03-26 12:30:00+00:00,0.63182,0.63214,0.63136,0.63152,1743
2025-03-26 13:00:00+00:00,0.63151,0.63188,0.63086,0.63092,1840
2025-03-26 13:30:00+00:00,0.6309,0.63152,0.63064,0.63064,2152
2025-03-26 14:00:00+00:00,0.63061,0.6314,0.63055,0.63089,2401
2025-03-26 14:30:00+00:00,0.6309,0.63135,0.63076,0.63118,1673
2025-03-26 15:00:00+00:00,0.6312,0.6317,0.63082,0.63099,1799
2025-03-26 15:30:00+00:00,0.631,0.63141,0.62986,0.63052,2182
2025-03-26 16:00:00+00:00,0.63052,0.63063,0.62996,0.63058,2012
2025-03-26 16:30:00+00:00,0.63057,0.63081,0.6303,0.63036,1102
2025-03-26 17:00:00+00:00,0.63034,0.63044,0.62908,0.62924,1900
2025-03-26 17:30:00+00:00,0.62922,0.6298,0.62882,0.62914,2247
2025-03-26 18:00:00+00:00,0.62914,0.62957,0.62912,0.62922,1194
2025-03-26 18:30:00+00:00,0.62925,0.62936,0.6287,0.6287,1097
2025-03-26 19:00:00+00:00,0.6287,0.62882,0.62836,0.62854,685
2025-03-26 19:30:00+00:00,0.62857,0.62919,0.62848,0.62904,990
2025-03-26 20:00:00+00:00,0.62903,0.62965,0.62898,0.62932,424
2025-03-26 20:30:00+00:00,0.62933,0.62982,0.62927,0.62976,571
2025-03-26 21:00:00+00:00,0.62993,0.63008,0.62892,0.62908,449
2025-03-26 21:30:00+00:00,0.62912,0.62954,0.62898,0.62924,657
2025-03-26 22:00:00+00:00,0.62923,0.62979,0.6282,0.62838,1515
2025-03-26 22:30:00+00:00,0.62836,0.62886,0.6282,0.62823,732
2025-03-26 23:00:00+00:00,0.62826,0.62876,0.62792,0.62865,1153
2025-03-26 23:30:00+00:00,0.62864,0.62887,0.62844,0.62864,762
2025-03-27 00:00:00+00:00,0.62863,0.62926,0.62858,0.62924,1364
2025-03-27 00:30:00+00:00,0.62922,0.62958,0.62908,0.62919,1291
2025-03-27 01:00:00+00:00,0.62922,0.62989,0.62921,0.62968,1326
2025-03-27 01:30:00+00:00,0.62972,0.62987,0.62901,0.6295,1739
2025-03-27 02:00:00+00:00,0.62946,0.63052,0.62943,0.6305,1348
2025-03-27 02:30:00+00:00,0.6305,0.63136,0.6304,0.6306,1579
2025-03-27 03:00:00+00:00,0.63058,0.63109,0.63038,0.63076,1086
2025-03-27 03:30:00+00:00,0.63075,0.63116,0.63074,0.63087,771
2025-03-27 04:00:00+00:00,0.63088,0.63169,0.63077,0.63167,1076
2025-03-27 04:30:00+00:00,0.63165,0.6318,0.6312,0.63132,831
2025-03-27 05:00:00+00:00,0.63132,0.63163,0.63106,0.6314,789
2025-03-27 05:30:00+00:00,0.63138,0.63144,0.62988,0.63031,1536
2025-03-27 06:00:00+00:00,0.6303,0.63178,0.63012,0.63172,1494
2025-03-27 06:30:00+00:00,0.63174,0.63186,0.6314,0.63152,1264
2025-03-27 07:00:00+00:00,0.63152,0.63152,0.63068,0.63078,1725
2025-03-27 07:30:00+00:00,0.63076,0.631,0.6305,0.6305,1476
2025-03-27 08:00:00+00:00,0.63051,0.63091,0.63022,0.6305,2186
2025-03-27 08:30:00+00:00,0.63048,0.6314,0.63034,0.63136,1735
2025-03-27 09:00:00+00:00,0.63136,0.6318,0.6308,0.63086,1729
2025-03-27 09:30:00+00:00,0.63084,0.63091,0.63049,0.63074,987
2025-03-27 10:00:00+00:00,0.63072,0.63092,0.63036,0.63046,1123
2025-03-27 10:30:00+00:00,0.63044,0.6309,0.63042,0.63088,1298
2025-03-27 11:00:00+00:00,0.63088,0.63161,0.63077,0.63122,1485
2025-03-27 11:30:00+00:00,0.63122,0.6316,0.6312,0.63142,977
2025-03-27 12:00:00+00:00,0.63143,0.63162,0.63094,0.6311,1339
2025-03-27 12:30:00+00:00,0.631,0.63155,0.63077,0.63097,1818
2025-03-27 13:00:00+00:00,0.63098,0.63108,0.62982,0.63004,1841
2025-03-27 13:30:00+00:00,0.63005,0.63034,0.62956,0.63013,2652
2025-03-27 14:00:00+00:00,0.63014,0.63046,0.62946,0.62996,2333
2025-03-27 14:30:00+00:00,0.62996,0.63071,0.62972,0.63047,1882
2025-03-27 15:00:00+00:00,0.6305,0.63085,0.63016,0.63041,1830
2025-03-27 15:30:00+00:00,0.6304,0.63152,0.6303,0.63068,2743
2025-03-27 16:00:00+00:00,0.63069,0.63129,0.63062,0.63096,1729
2025-03-27 16:30:00+00:00,0.63096,0.63103,0.6302,0.63026,1275
2025-03-27 17:00:00+00:00,0.6303,0.63092,0.63019,0.63031,1461
2025-03-27 17:30:00+00:00,0.63029,0.63038,0.62999,0.63002,998
2025-03-27 18:00:00+00:00,0.63,0.63054,0.63,0.63044,1127
2025-03-27 18:30:00+00:00,0.63044,0.63054,0.63001,0.63002,960
2025-03-27 19:00:00+00:00,0.63004,0.63054,0.62986,0.63048,715
2025-03-27 19:30:00+00:00,0.63047,0.63048,0.63009,0.63014,801
2025-03-27 20:00:00+00:00,0.63013,0.6304,0.63006,0.63032,218
2025-03-27 20:30:00+00:00,0.63031,0.63056,0.63026,0.6305,276
2025-03-27 21:00:00+00:00,0.63043,0.63066,0.63019,0.6302,209
2025-03-27 21:30:00+00:00,0.6302,0.63028,0.63007,0.6301,113
2025-03-27 22:00:00+00:00,0.63007,0.6303,0.6299,0.63008,203
2025-03-27 22:30:00+00:00,0.63008,0.63022,0.62986,0.62986,241
2025-03-27 23:00:00+00:00,0.62988,0.62992,0.62965,0.6297,400
2025-03-27 23:30:00+00:00,0.6297,0.63023,0.62966,0.6301,682
2025-03-28 00:00:00+00:00,0.63009,0.6301,0.62921,0.62926,1031
2025-03-28 00:30:00+00:00,0.62926,0.62972,0.62902,0.62958,1160
2025-03-28 01:00:00+00:00,0.62956,0.62968,0.62922,0.6293,1358
2025-03-28 01:30:00+00:00,0.62931,0.62964,0.62922,0.62924,1221
2025-03-28 02:00:00+00:00,0.62919,0.62968,0.62918,0.62942,981
2025-03-28 02:30:00+00:00,0.62944,0.62952,0.62892,0.62916,1205
2025-03-28 03:00:00+00:00,0.62919,0.62938,0.62848,0.62858,913
2025-03-28 03:30:00+00:00,0.62857,0.62858,0.62812,0.62833,796
2025-03-28 04:00:00+00:00,0.62834,0.62857,0.62809,0.6284,885
2025-03-28 04:30:00+00:00,0.62841,0.6286,0.62816,0.62828,605
2025-03-28 05:00:00+00:00,0.62831,0.62855,0.62821,0.6285,692
2025-03-28 05:30:00+00:00,0.62848,0.62879,0.62836,0.62868,825
2025-03-28 06:00:00+00:00,0.62868,0.62896,0.6286,0.6289,617
2025-03-28 06:30:00+00:00,0.62889,0.62901,0.62847,0.62854,913
2025-03-28 07:00:00+00:00,0.62854,0.6295,0.62846,0.62948,1402
2025-03-28 07:30:00+00:00,0.6295,0.62976,0.62914,0.62932,1619
2025-03-28 08:00:00+00:00,0.62931,0.62998,0.62926,0.62958,1825
2025-03-28 08:30:00+00:00,0.62956,0.62992,0.62928,0.62972,1159
2025-03-28 09:00:00+00:00,0.62973,0.63003,0.62908,0.62924,1361
2025-03-28 09:30:00+00:00,0.62926,0.62976,0.62918,0.62952,742
2025-03-28 10:00:00+00:00,0.62952,0.62974,0.62918,0.62972,889
2025-03-28 10:30:00+00:00,0.62976,0.62992,0.62931,0.62933,750
2025-03-28 11:00:00+00:00,0.62936,0.62952,0.62904,0.62921,737
2025-03-28 11:30:00+00:00,0.62919,0.62943,0.62902,0.6293,649
2025-03-28 12:00:00+00:00,0.62928,0.62946,0.62917,0.62946,959
2025-03-28 12:30:00+00:00,0.62946,0.63048,0.62898,0.63026,2254
2025-03-28 13:00:00+00:00,0.63026,0.63122,0.63006,0.63118,2594
2025-03-28 13:30:00+00:00,0.63118,0.63118,0.63068,0.63087,2195
2025-03-28 14:00:00+00:00,0.63087,0.63122,0.62992,0.62992,3202
2025-03-28 14:30:00+00:00,0.62992,0.62998,0.629,0.62936,2719
2025-03-28 15:00:00+00:00,0.62932,0.63047,0.62928,0.63036,2850
2025-03-28 15:30:00+00:00,0.63033,0.63058,0.62946,0.6298,2053
2025-03-28 16:00:00+00:00,0.62983,0.6301,0.62946,0.62966,1215
2025-03-28 16:30:00+00:00,0.62968,0.62978,0.62902,0.62918,949
2025-03-28 17:00:00+00:00,0.62918,0.62918,0.62844,0.6285,1396
2025-03-28 17:30:00+00:00,0.62851,0.62916,0.62838,0.62886,1206
2025-03-28 18:00:00+00:00,0.62887,0.6291,0.6286,0.62864,1112
2025-03-28 18:30:00+00:00,0.62868,0.6288,0.6285,0.62868,854
2025-03-28 19:00:00+00:00,0.62868,0.62896,0.62868,0.62877,635
2025-03-28 19:30:00+00:00,0.6288,0.6288,0.62848,0.62875,757
2025-03-28 20:00:00+00:00,0.62874,0.62885,0.6286,0.62881,302
2025-03-28 20:30:00+00:00,0.62882,0.62908,0.62857,0.62878,1117
2025-03-30 21:00:00+00:00,0.62884,0.62912,0.6285,0.6285,76
2025-03-30 21:30:00+00:00,0.6285,0.62854,0.62792,0.62808,386
2025-03-30 22:00:00+00:00,0.62808,0.62808,0.62726,0.62786,1074
2025-03-30 22:30:00+00:00,0.62785,0.62805,0.62746,0.62765,772
2025-03-30 23:00:00+00:00,0.62766,0.62806,0.62714,0.62715,1443
2025-03-30 23:30:00+00:00,0.62712,0.62841,0.62694,0.62824,2026
2025-03-31 00:00:00+00:00,0.62828,0.62834,0.62782,0.62809,2137
2025-03-31 00:30:00+00:00,0.62812,0.62882,0.628,0.62869,1730
2025-03-31 01:00:00+00:00,0.62868,0.63,0.62868,0.62965,1865
2025-03-31 01:30:00+00:00,0.62962,0.63006,0.62862,0.62894,2927
2025-03-31 02:00:00+00:00,0.62894,0.6294,0.62874,0.62919,1799
2025-03-31 02:30:00+00:00,0.62918,0.62945,0.62862,0.62864,1356
2025-03-31 03:00:00+00:00,0.62864,0.62868,0.62798,0.62831,1294
2025-03-31 03:30:00+00:00,0.6283,0.62833,0.62799,0.62806,980
2025-03-31 04:00:00+00:00,0.62807,0.6281,0.62751,0.62792,961
2025-03-31 04:30:00+00:00,0.62792,0.62808,0.62772,0.6279,824
2025-03-31 05:00:00+00:00,0.6279,0.62857,0.6278,0.62848,931
2025-03-31 05:30:00+00:00,0.62848,0.62858,0.62814,0.6282,976
2025-03-31 06:00:00+00:00,0.62822,0.62845,0.6278,0.62821,1847
2025-03-31 06:30:00+00:00,0.62824,0.62894,0.62824,0.6284,2219
2025-03-31 07:00:00+00:00,0.62841,0.62904,0.62775,0.62777,2457
2025-03-31 07:30:00+00:00,0.62776,0.62776,0.6267,0.62693,1960
2025-03-31 08:00:00+00:00,0.62692,0.62698,0.62546,0.62586,2032
2025-03-31 08:30:00+00:00,0.62586,0.62616,0.62562,0.62578,1422
2025-03-31 09:00:00+00:00,0.62576,0.62597,0.6257,0.62576,1099
2025-03-31 09:30:00+00:00,0.62578,0.62578,0.62494,0.62508,1227
2025-03-31 10:00:00+00:00,0.62507,0.62518,0.6243,0.6248,1494
2025-03-31 10:30:00+00:00,0.62478,0.6252,0.62454,0.6251,1150
2025-03-31 11:00:00+00:00,0.62514,0.6255,0.62504,0.62512,1449
2025-03-31 11:30:00+00:00,0.6251,0.62548,0.62494,0.62502,1384
2025-03-31 12:00:00+00:00,0.62502,0.62502,0.62426,0.62436,1405
2025-03-31 12:30:00+00:00,0.62437,0.6245,0.6236,0.62362,1344
2025-03-31 13:00:00+00:00,0.62362,0.62412,0.62346,0.6237,1438
2025-03-31 13:30:00+00:00,0.62371,0.62371,0.62261,0.62298,1955
2025-03-31 14:00:00+00:00,0.62304,0.62316,0.62189,0.62205,1887
2025-03-31 14:30:00+00:00,0.62206,0.6231,0.62195,0.62304,2666
2025-03-31 15:00:00+00:00,0.62306,0.62377,0.62294,0.62364,2999
2025-03-31 15:30:00+00:00,0.62363,0.62386,0.62313,0.62343,1753
2025-03-31 16:00:00+00:00,0.62344,0.62409,0.6234,0.62402,1769
2025-03-31 16:30:00+00:00,0.62402,0.62476,0.62396,0.62411,1301
2025-03-31 17:00:00+00:00,0.62412,0.62476,0.62412,0.62446,1065
2025-03-31 17:30:00+00:00,0.62447,0.62458,0.6241,0.62412,996
2025-03-31 18:00:00+00:00,0.62411,0.62481,0.6241,0.62474,1051
2025-03-31 18:30:00+00:00,0.62475,0.6253,0.62474,0.62494,1242
2025-03-31 19:00:00+00:00,0.62492,0.62526,0.62484,0.62496,954
2025-03-31 19:30:00+00:00,0.62495,0.62538,0.62486,0.62492,1282
2025-03-31 20:00:00+00:00,0.62492,0.62496,0.62462,0.62474,420
2025-03-31 20:30:00+00:00,0.62476,0.62488,0.62464,0.62464,439
2025-03-31 21:00:00+00:00,0.62458,0.62484,0.62451,0.62478,163
2025-03-31 21:30:00+00:00,0.62478,0.62478,0.62461,0.62462,133
2025-03-31 22:00:00+00:00,0.62468,0.62478,0.62444,0.62456,374
2025-03-31 22:30:00+00:00,0.62456,0.62462,0.62416,0.62418,230
2025-03-31 23:00:00+00:00,0.62417,0.62442,0.624,0.62426,500
2025-03-31 23:30:00+00:00,0.62427,0.62434,0.6238,0.624,757
2025-04-01 00:00:00+00:00,0.62399,0.62446,0.6238,0.62414,1222
2025-04-01 00:30:00+00:00,0.6241,0.62435,0.62372,0.62416,1225
2025-04-01 01:00:00+00:00,0.62413,0.6242,0.62318,0.62368,1893
2025-04-01 01:30:00+00:00,0.62368,0.62432,0.62335,0.6242,1664
2025-04-01 02:00:00+00:00,0.6242,0.62538,0.62419,0.62521,1526
2025-04-01 02:30:00+00:00,0.62524,0.62556,0.62512,0.62533,1389
2025-04-01 03:00:00+00:00,0.62532,0.62552,0.62514,0.62531,1221
2025-04-01 03:30:00+00:00,0.62528,0.6265,0.62464,0.62485,2328
2025-04-01 04:00:00+00:00,0.62486,0.62574,0.6247,0.62536,1027
2025-04-01 04:30:00+00:00,0.62536,0.6269,0.62535,0.62687,1461
2025-04-01 05:00:00+00:00,0.62688,0.62688,0.62593,0.62601,1569
2025-04-01 05:30:00+00:00,0.62599,0.62613,0.62542,0.62542,1161
2025-04-01 06:00:00+00:00,0.62544,0.62576,0.62495,0.62521,1614
2025-04-01 06:30:00+00:00,0.6252,0.62614,0.62518,0.62566,1851
2025-04-01 07:00:00+00:00,0.62565,0.62565,0.62436,0.62462,2240
2025-04-01 07:30:00+00:00,0.62462,0.62494,0.62429,0.62478,1724
2025-04-01 08:00:00+00:00,0.62476,0.62571,0.62454,0.62563,1798
2025-04-01 08:30:00+00:00,0.62564,0.62579,0.62548,0.62568,1206
2025-04-01 09:00:00+00:00,0.62566,0.62616,0.62552,0.62592,1368
2025-04-01 09:30:00+00:00,0.62593,0.62624,0.62576,0.62593,1129
2025-04-01 10:00:00+00:00,0.62593,0.62606,0.62484,0.62532,3193
2025-04-01 10:30:00+00:00,0.62534,0.62544,0.62464,0.62496,1742
2025-04-01 11:00:00+00:00,0.62497,0.62526,0.6245,0.62464,1484
2025-04-01 11:30:00+00:00,0.6246,0.62518,0.62452,0.62492,1627
2025-04-01 12:00:00+00:00,0.62494,0.62566,0.62486,0.62558,1507
2025-04-01 12:30:00+00:00,0.62558,0.62579,0.62506,0.6253,1325
2025-04-01 13:00:00+00:00,0.62529,0.62572,0.62507,0.6257,1554
2025-04-01 13:30:00+00:00,0.62568,0.62572,0.62516,0.62527,1835
2025-04-01 14:00:00+00:00,0.6253,0.6265,0.62502,0.62581,3310
2025-04-01 14:30:00+00:00,0.62577,0.62759,0.62576,0.62739,2905
2025-04-01 15:00:00+00:00,0.62736,0.62831,0.62736,0.62796,2329
2025-04-01 15:30:00+00:00,0.62797,0.62817,0.62754,0.62781,2205
2025-04-01 16:00:00+00:00,0.62778,0.62804,0.62746,0.6275,1644
2025-04-01 16:30:00+00:00,0.62751,0.62757,0.6266,0.62718,1268
2025-04-01 17:00:00+00:00,0.62719,0.62752,0.6269,0.62692,903
2025-04-01 17:30:00+00:00,0.62692,0.62733,0.62687,0.62692,948
2025-04-01 18:00:00+00:00,0.62692,0.62692,0.62638,0.62662,1442
2025-04-01 18:30:00+00:00,0.6266,0.62684,0.62631,0.62642,952
2025-04-01 19:00:00+00:00,0.62646,0.62738,0.62644,0.62716,900
2025-04-01 19:30:00+00:00,0.62712,0.6278,0.62711,0.62779,1033
2025-04-01 20:00:00+00:00,0.6278,0.6279,0.6276,0.6277,273
2025-04-01 20:30:00+00:00,0.62769,0.62815,0.6275,0.62779,1041
2025-04-01 21:00:00+00:00,0.62779,0.6278,0.6276,0.62777,67
2025-04-01 21:30:00+00:00,0.62779,0.6278,0.62758,0.62767,217
2025-04-01 22:00:00+00:00,0.62766,0.62873,0.62758,0.62857,818
2025-04-01 22:30:00+00:00,0.6286,0.62876,0.6283,0.62856,523
2025-04-01 23:00:00+00:00,0.62858,0.6288,0.6281,0.62876,617
2025-04-01 23:30:00+00:00,0.62878,0.62909,0.62873,0.62884,779
2025-04-02 00:00:00+00:00,0.62885,0.62886,0.62772,0.6278,1202
2025-04-02 00:30:00+00:00,0.62781,0.62798,0.62746,0.62768,1367
2025-04-02 01:00:00+00:00,0.62766,0.62816,0.62736,0.62802,1039
2025-04-02 01:30:00+00:00,0.62802,0.62906,0.62782,0.62904,1456
2025-04-02 02:00:00+00:00,0.62908,0.62988,0.62896,0.62986,1276
2025-04-02 02:30:00+00:00,0.62986,0.63016,0.62943,0.62962,1120
2025-04-02 03:00:00+00:00,0.62963,0.6302,0.62958,0.63004,926
2025-04-02 03:30:00+00:00,0.63002,0.6301,0.62979,0.62987,668
2025-04-02 04:00:00+00:00,0.62986,0.62994,0.62972,0.62976,343
2025-04-02 04:30:00+00:00,0.62976,0.6301,0.62969,0.62989,469
2025-04-02 05:00:00+00:00,0.62991,0.62992,0.6294,0.62959,738
2025-04-02 05:30:00+00:00,0.6296,0.62966,0.62936,0.62941,692
2025-04-02 06:00:00+00:00,0.62942,0.63068,0.62934,0.63044,1287
2025-04-02 06:30:00+00:00,0.63044,0.63054,0.62938,0.62948,1578
2025-04-02 07:00:00+00:00,0.62946,0.63009,0.62919,0.63007,1487
2025-04-02 07:30:00+00:00,0.63006,0.63041,0.62986,0.63036,1027
2025-04-02 08:00:00+00:00,0.63034,0.63065,0.63019,0.63054,993
2025-04-02 08:30:00+00:00,0.63057,0.63075,0.63039,0.63072,846
2025-04-02 09:00:00+00:00,0.6307,0.63112,0.63068,0.6308,691
2025-04-02 09:30:00+00:00,0.6308,0.63142,0.63075,0.63131,802
2025-04-02 10:00:00+00:00,0.63132,0.63132,0.6303,0.63038,1654
2025-04-02 10:30:00+00:00,0.63038,0.63058,0.62994,0.63024,1159
2025-04-02 11:00:00+00:00,0.63022,0.63069,0.63003,0.63062,828
2025-04-02 11:30:00+00:00,0.63061,0.63074,0.63031,0.63062,812
2025-04-02 12:00:00+00:00,0.63066,0.63068,0.62979,0.62998,1640
2025-04-02 12:30:00+00:00,0.62998,0.63071,0.62997,0.63062,1437
2025-04-02 13:00:00+00:00,0.63058,0.63065,0.62982,0.62984,1536
2025-04-02 13:30:00+00:00,0.62985,0.63058,0.62962,0.63018,2261
2025-04-02 14:00:00+00:00,0.63016,0.63031,0.62928,0.6295,2049
2025-04-02 14:30:00+00:00,0.62952,0.6308,0.62942,0.63024,2670
2025-04-02 15:00:00+00:00,0.63024,0.63034,0.62974,0.62989,1810
2025-04-02 15:30:00+00:00,0.6299,0.63038,0.62972,0.62996,1929
2025-04-02 16:00:00+00:00,0.62997,0.63007,0.62948,0.62957,1403
2025-04-02 16:30:00+00:00,0.62956,0.62979,0.62921,0.6297,950
2025-04-02 17:00:00+00:00,0.62968,0.63044,0.62962,0.63028,946
2025-04-02 17:30:00+00:00,0.63024,0.63028,0.6294,0.62957,1219
2025-04-02 18:00:00+00:00,0.62957,0.62978,0.62907,0.62907,1205
2025-04-02 18:30:00+00:00,0.62902,0.62984,0.62896,0.62935,1296
2025-04-02 19:00:00+00:00,0.62936,0.62978,0.62936,0.62974,842
2025-04-02 19:30:00+00:00,0.62974,0.62998,0.62948,0.6297,1233
2025-04-02 20:00:00+00:00,0.62968,0.6341,0.62578,0.62808,13205
2025-04-02 20:30:00+00:00,0.6281,0.63076,0.62657,0.62966,11753
2025-04-02 21:00:00+00:00,0.6293,0.62938,0.62499,0.626,678
2025-04-02 21:30:00+00:00,0.62603,0.62724,0.62558,0.62604,796
2025-04-02 22:00:00+00:00,0.62607,0.62618,0.62262,0.6239,6039
2025-04-02 22:30:00+00:00,0.6239,0.62602,0.62372,0.62548,3507
2025-04-02 23:00:00+00:00,0.6255,0.62666,0.6247,0.62664,4852
2025-04-02 23:30:00+00:00,0.62667,0.62746,0.6263,0.6264,6158
2025-04-03 00:00:00+00:00,0.6264,0.62708,0.6256,0.62678,6921
2025-04-03 00:30:00+00:00,0.62678,0.62776,0.62636,0.62682,5517
2025-04-03 01:00:00+00:00,0.62684,0.62778,0.6265,0.62766,4911
2025-04-03 01:30:00+00:00,0.62767,0.62875,0.62742,0.62751,4677
2025-04-03 02:00:00+00:00,0.6275,0.62818,0.6268,0.62792,3533
2025-04-03 02:30:00+00:00,0.6279,0.6281,0.62732,0.62807,2586
2025-04-03 03:00:00+00:00,0.62808,0.62822,0.62735,0.6278,2352
2025-04-03 03:30:00+00:00,0.62784,0.62798,0.62712,0.62727,2059
2025-04-03 04:00:00+00:00,0.62729,0.6274,0.62664,0.6268,1780
2025-04-03 04:30:00+00:00,0.62682,0.62718,0.62648,0.62655,1486
2025-04-03 05:00:00+00:00,0.62654,0.62908,0.62654,0.62885,2023
2025-04-03 05:30:00+00:00,0.62886,0.63016,0.6287,0.62888,3734
2025-04-03 06:00:00+00:00,0.62888,0.62936,0.62799,0.62936,3034
2025-04-03 06:30:00+00:00,0.62932,0.63108,0.62898,0.63087,4767
2025-04-03 07:00:00+00:00,0.63089,0.63135,0.6298,0.62997,4630
2025-04-03 07:30:00+00:00,0.63001,0.63073,0.6298,0.63066,2914
2025-04-03 08:00:00+00:00,0.63064,0.63226,0.63062,0.632,2974
2025-04-03 08:30:00+00:00,0.63198,0.63412,0.63187,0.6336,3740
2025-04-03 09:00:00+00:00,0.6336,0.63444,0.63312,0.63385,3699
2025-04-03 09:30:00+00:00,0.63386,0.63448,0.63351,0.63424,2365
2025-04-03 10:00:00+00:00,0.63426,0.63595,0.63405,0.63472,6362
2025-04-03 10:30:00+00:00,0.63471,0.63484,0.63342,0.63367,4257
2025-04-03 11:00:00+00:00,0.63372,0.6344,0.6335,0.63422,3086
2025-04-03 11:30:00+00:00,0.63422,0.63652,0.6342,0.63596,3506
2025-04-03 12:00:00+00:00,0.63596,0.63631,0.63502,0.63526,4069
2025-04-03 12:30:00+00:00,0.63528,0.63664,0.63472,0.63617,5033
2025-04-03 13:00:00+00:00,0.63616,0.6389,0.63561,0.63734,6217
2025-04-03 13:30:00+00:00,0.63732,0.63792,0.6363,0.63698,5473
2025-04-03 14:00:00+00:00,0.63699,0.63792,0.63646,0.63763,6560
2025-04-03 14:30:00+00:00,0.63764,0.63842,0.63708,0.63723,3785
2025-04-03 15:00:00+00:00,0.63724,0.63726,0.63562,0.63573,3907
2025-04-03 15:30:00+00:00,0.63574,0.63607,0.63442,0.63499,4846
2025-04-03 16:00:00+00:00,0.635,0.63589,0.6349,0.6353,3827
2025-04-03 16:30:00+00:00,0.6353,0.63543,0.63482,0.63498,2482
2025-04-03 17:00:00+00:00,0.63498,0.635,0.63417,0.63424,2046
2025-04-03 17:30:00+00:00,0.63422,0.6345,0.63406,0.63422,1992
2025-04-03 18:00:00+00:00,0.6342,0.63426,0.63352,0.63368,1420
2025-04-03 18:30:00+00:00,0.6337,0.63386,0.63334,0.63382,1961
2025-04-03 19:00:00+00:00,0.63384,0.63384,0.6324,0.63247,1818
2025-04-03 19:30:00+00:00,0.63248,0.63254,0.6317,0.63178,1426
2025-04-03 20:00:00+00:00,0.63176,0.63232,0.63156,0.63214,540
2025-04-03 20:30:00+00:00,0.63216,0.63287,0.63214,0.63285,739
2025-04-03 21:00:00+00:00,0.63281,0.63322,0.63249,0.63274,188
2025-04-03 21:30:00+00:00,0.63272,0.63277,0.63258,0.63274,105
2025-04-03 22:00:00+00:00,0.63265,0.63314,0.63264,0.6327,692
2025-04-03 22:30:00+00:00,0.63272,0.63305,0.6319,0.6326,1203
2025-04-03 23:00:00+00:00,0.63256,0.63256,0.63166,0.63186,1665
2025-04-03 23:30:00+00:00,0.63184,0.63285,0.63182,0.63262,1507
2025-04-04 00:00:00+00:00,0.63258,0.633,0.632,0.6326,3007
2025-04-04 00:30:00+00:00,0.63257,0.63321,0.63226,0.63248,2319
2025-04-04 01:00:00+00:00,0.63249,0.63258,0.63186,0.63202,2033
2025-04-04 01:30:00+00:00,0.63204,0.63207,0.63101,0.63112,2666
2025-04-04 02:00:00+00:00,0.63112,0.63118,0.62892,0.62917,2788
2025-04-04 02:30:00+00:00,0.62918,0.62918,0.62698,0.62722,2668
2025-04-04 03:00:00+00:00,0.62721,0.62733,0.62546,0.62552,2953
2025-04-04 03:30:00+00:00,0.6255,0.62614,0.62472,0.62543,2999
2025-04-04 04:00:00+00:00,0.62543,0.62556,0.6236,0.62433,2849
2025-04-04 04:30:00+00:00,0.62432,0.62458,0.62298,0.62332,2273
2025-04-04 05:00:00+00:00,0.62335,0.62488,0.62315,0.62482,2287
2025-04-04 05:30:00+00:00,0.6248,0.62502,0.62403,0.62489,2429
2025-04-04 06:00:00+00:00,0.62488,0.62532,0.62362,0.6241,2570
2025-04-04 06:30:00+00:00,0.62413,0.62444,0.62348,0.62376,3093
2025-04-04 07:00:00+00:00,0.62376,0.62446,0.6229,0.6229,3780
2025-04-04 07:30:00+00:00,0.62291,0.62306,0.62102,0.62123,4048
2025-04-04 08:00:00+00:00,0.62124,0.62173,0.62016,0.62107,5309
2025-04-04 08:30:00+00:00,0.62108,0.62126,0.62013,0.62062,4314
2025-04-04 09:00:00+00:00,0.6206,0.62064,0.61986,0.62,3777
2025-04-04 09:30:00+00:00,0.62002,0.62077,0.61974,0.62006,3294
2025-04-04 10:00:00+00:00,0.62004,0.62044,0.61848,0.61853,9074
2025-04-04 10:30:00+00:00,0.61854,0.6188,0.61362,0.61402,8240
2025-04-04 11:00:00+00:00,0.61404,0.61556,0.60853,0.6088,11109
2025-04-04 11:30:00+00:00,0.60878,0.6116,0.60496,0.6113,15143
2025-04-04 12:00:00+00:00,0.6113,0.61224,0.60999,0.61102,11111
2025-04-04 12:30:00+00:00,0.61102,0.6133,0.61016,0.6116,15430
2025-04-04 13:00:00+00:00,0.6116,0.61391,0.61071,0.61119,9064
2025-04-04 13:30:00+00:00,0.61118,0.61204,0.60794,0.60845,10271
2025-04-04 14:00:00+00:00,0.60844,0.60986,0.60702,0.60723,8332
2025-04-04 14:30:00+00:00,0.60722,0.60772,0.60244,0.60582,11132
2025-04-04 15:00:00+00:00,0.60582,0.60922,0.60254,0.60296,15952
2025-04-04 15:30:00+00:00,0.603,0.60498,0.60112,0.60426,13222
2025-04-04 16:00:00+00:00,0.60422,0.60502,0.60183,0.60284,9396
2025-04-04 16:30:00+00:00,0.60282,0.60402,0.6004,0.60079,6538
2025-04-04 17:00:00+00:00,0.60079,0.6012,0.59912,0.59962,7362
2025-04-04 17:30:00+00:00,0.59962,0.6036,0.59868,0.6032,8595
2025-04-04 18:00:00+00:00,0.6032,0.60425,0.60235,0.60252,6246
2025-04-04 18:30:00+00:00,0.60252,0.60277,0.60104,0.60196,5051
2025-04-04 19:00:00+00:00,0.60194,0.6045,0.60162,0.6039,4501
2025-04-04 19:30:00+00:00,0.60388,0.60633,0.60372,0.60376,6016
2025-04-04 20:00:00+00:00,0.60378,0.60436,0.60298,0.60305,2181
2025-04-04 20:30:00+00:00,0.60304,0.60456,0.60282,0.60401,2335
2025-04-06 21:00:00+00:00,0.59987,0.60034,0.59955,0.60002,208
2025-04-06 21:30:00+00:00,0.59996,0.60054,0.59984,0.60047,600
2025-04-06 22:00:00+00:00,0.60044,0.6005,0.59329,0.59977,11625
2025-04-06 22:30:00+00:00,0.59976,0.60024,0.59776,0.59874,9985
2025-04-06 23:00:00+00:00,0.59874,0.60102,0.59793,0.6001,10128
2025-04-06 23:30:00+00:00,0.60007,0.60076,0.59745,0.59868,6675
2025-04-07 00:00:00+00:00,0.5987,0.6001,0.5956,0.59911,10468
2025-04-07 00:30:00+00:00,0.5991,0.60102,0.59861,0.60007,10149
2025-04-07 01:00:00+00:00,0.60011,0.60212,0.59862,0.60143,9504
2025-04-07 01:30:00+00:00,0.60142,0.60187,0.59942,0.60128,9588
2025-04-07 02:00:00+00:00,0.60126,0.60284,0.6007,0.6015,7320
2025-04-07 02:30:00+00:00,0.6015,0.60221,0.60046,0.60105,5119
2025-04-07 03:00:00+00:00,0.60104,0.60276,0.60058,0.60242,4765
2025-04-07 03:30:00+00:00,0.60244,0.60262,0.60124,0.60234,4516
2025-04-07 04:00:00+00:00,0.60235,0.60294,0.60166,0.60187,3375
2025-04-07 04:30:00+00:00,0.60186,0.60236,0.60104,0.60146,3110
2025-04-07 05:00:00+00:00,0.60148,0.60611,0.60074,0.60328,7950
2025-04-07 05:30:00+00:00,0.60329,0.60343,0.60102,0.60178,5353
2025-04-07 06:00:00+00:00,0.60176,0.60224,0.59991,0.60024,8019
2025-04-07 06:30:00+00:00,0.60024,0.60192,0.5996,0.60125,8702
2025-04-07 07:00:00+00:00,0.60124,0.60294,0.60099,0.6015,11042
2025-04-07 07:30:00+00:00,0.60149,0.60172,0.60031,0.60087,7150
2025-04-07 08:00:00+00:00,0.60088,0.60294,0.60046,0.6006,7820
2025-04-07 08:30:00+00:00,0.6006,0.6011,0.59958,0.60015,5733
2025-04-07 09:00:00+00:00,0.60014,0.60052,0.59888,0.59922,5926
2025-04-07 09:30:00+00:00,0.5992,0.6019,0.59916,0.60124,6862
2025-04-07 10:00:00+00:00,0.60122,0.60435,0.60122,0.6043,7190
2025-04-07 10:30:00+00:00,0.60428,0.6061,0.60377,0.6039,7545
2025-04-07 11:00:00+00:00,0.60394,0.6054,0.6037,0.60529,6808
2025-04-07 11:30:00+00:00,0.60528,0.60538,0.6031,0.60383,6108
2025-04-07 12:00:00+00:00,0.60382,0.60693,0.60268,0.60582,7321
2025-04-07 12:30:00+00:00,0.60582,0.60894,0.60522,0.60804,12939
2025-04-07 13:00:00+00:00,0.60805,0.60805,0.60484,0.60532,8042
2025-04-07 13:30:00+00:00,0.60532,0.60604,0.60397,0.60576,10443
2025-04-07 14:00:00+00:00,0.60574,0.61278,0.60393,0.60557,22527
2025-04-07 14:30:00+00:00,0.6057,0.60693,0.60056,0.60082,18909
2025-04-07 15:00:00+00:00,0.60082,0.60274,0.59644,0.59668,20121
2025-04-07 15:30:00+00:00,0.59668,0.59988,0.59588,0.59794,8056
2025-04-07 16:00:00+00:00,0.59793,0.59796,0.59622,0.59624,7739
2025-04-07 16:30:00+00:00,0.59626,0.59664,0.59445,0.59498,6512
2025-04-07 17:00:00+00:00,0.59498,0.59987,0.59496,0.59952,12536
2025-04-07 17:30:00+00:00,0.59955,0.60025,0.5985,0.60004,9403
